E1 R2 build started
INFO Draco mesh compression is available, use library at E:\Project\game-002-godogen-lab\.tools\blender\blender-4.5.13-windows-x64\4.5\scripts\addons_core\io_scene_gltf2\extern_draco.dll
13:25:53 | INFO: Starting glTF 2.0 export
13:25:53 | INFO: Extracting primitive: Cube
13:25:53 | INFO: Primitives created: 1
13:25:53 | INFO: Extracting primitive: Cube.001
13:25:53 | INFO: Primitives created: 1
13:25:53 | INFO: Extracting primitive: Backboard edge
13:25:53 | INFO: Primitives created: 1
13:25:53 | INFO: Extracting primitive: Backboard edge.001
13:25:53 | INFO: Primitives created: 1
13:25:53 | INFO: Extracting primitive: Cube.002
13:25:53 | INFO: Primitives created: 1
13:25:53 | INFO: Extracting primitive: Backboard edge.002
13:25:53 | INFO: Primitives created: 1
13:25:53 | INFO: Extracting primitive: Backboard edge.003
13:25:53 | INFO: Primitives created: 1
13:25:53 | INFO: Extracting primitive: Cube.003
13:25:53 | INFO: Primitives created: 1
13:25:53 | INFO: Extracting primitive: Backboard edge.004
13:25:53 | INFO: Primitives created: 1
13:25:53 | INFO: Extracting primitive: Backboard edge.005
13:25:53 | INFO: Primitives created: 1
13:25:53 | INFO: Extracting primitive: Cube.004
13:25:53 | INFO: Primitives created: 1
13:25:53 | INFO: Extracting primitive: Backboard edge.006
13:25:53 | INFO: Primitives created: 1
13:25:53 | INFO: Extracting primitive: Backboard edge.007
13:25:53 | INFO: Primitives created: 1
13:25:53 | INFO: Extracting primitive: Cube.005
13:25:53 | INFO: Primitives created: 1
13:25:53 | INFO: Extracting primitive: Backboard edge.008
13:25:53 | INFO: Primitives created: 1
13:25:53 | INFO: Extracting primitive: Backboard edge.009
13:25:53 | INFO: Primitives created: 1
13:25:53 | INFO: Extracting primitive: Cube.006
13:25:53 | INFO: Primitives created: 1
13:25:53 | INFO: Extracting primitive: Backboard edge.010
13:25:53 | INFO: Primitives created: 1
13:25:53 | INFO: Extracting primitive: Backboard edge.011
13:25:53 | INFO: Primitives created: 1
13:25:53 | INFO: Extracting primitive: Cube.007
13:25:53 | INFO: Primitives created: 1
13:25:53 | INFO: Extracting primitive: Backboard edge.012
13:25:53 | INFO: Primitives created: 1
13:25:53 | INFO: Extracting primitive: Backboard edge.013
13:25:53 | INFO: Primitives created: 1
13:25:53 | INFO: Extracting primitive: Cube.008
13:25:53 | INFO: Primitives created: 1
13:25:53 | INFO: Extracting primitive: Backboard edge.014
13:25:53 | INFO: Primitives created: 1
13:25:53 | INFO: Extracting primitive: Backboard edge.015
13:25:53 | INFO: Primitives created: 1
13:25:53 | INFO: Extracting primitive: Cube.009
13:25:53 | INFO: Primitives created: 1
13:25:53 | INFO: Extracting primitive: Backboard edge.016
13:25:53 | INFO: Primitives created: 1
13:25:53 | INFO: Extracting primitive: Backboard edge.017
13:25:53 | INFO: Primitives created: 1
13:25:53 | INFO: Extracting primitive: Cube.010
13:25:53 | INFO: Primitives created: 1
13:25:53 | INFO: Extracting primitive: Backboard edge.018
13:25:53 | INFO: Primitives created: 1
13:25:53 | INFO: Extracting primitive: Backboard edge.019
13:25:53 | INFO: Primitives created: 1
13:25:53 | INFO: Extracting primitive: Cube.011
13:25:53 | INFO: Primitives created: 1
13:25:53 | INFO: Extracting primitive: Top frame edge
13:25:53 | INFO: Primitives created: 1
13:25:53 | INFO: Extracting primitive: Top frame edge.001
13:25:53 | INFO: Primitives created: 1
13:25:53 | INFO: Extracting primitive: Cube.012
13:25:53 | INFO: Primitives created: 1
13:25:53 | INFO: Extracting primitive: Bottom frame edge
13:25:53 | INFO: Primitives created: 1
13:25:53 | INFO: Extracting primitive: Bottom frame edge.001
13:25:53 | INFO: Primitives created: 1
13:25:53 | INFO: Extracting primitive: Cube.013
13:25:53 | INFO: Primitives created: 1
13:25:53 | INFO: Extracting primitive: Left frame edge
13:25:53 | INFO: Primitives created: 1
13:25:53 | INFO: Extracting primitive: Left frame edge.001
13:25:53 | INFO: Primitives created: 1
13:25:53 | INFO: Extracting primitive: Cube.014
13:25:53 | INFO: Primitives created: 1
13:25:53 | INFO: Extracting primitive: Right frame edge
13:25:53 | INFO: Primitives created: 1
13:25:53 | INFO: Extracting primitive: Right frame edge.001
13:25:53 | INFO: Primitives created: 1
13:25:53 | INFO: Extracting primitive: Cube.015
13:25:53 | INFO: Primitives created: 1
13:25:53 | INFO: Extracting primitive: Middle rail edge
13:25:53 | INFO: Primitives created: 1
13:25:53 | INFO: Extracting primitive: Middle rail edge.001
13:25:53 | INFO: Primitives created: 1
13:25:53 | INFO: Extracting primitive: Cube.016
13:25:53 | INFO: Primitives created: 1
13:25:53 | INFO: Extracting primitive: Wand shelf edge
13:25:53 | INFO: Primitives created: 1
13:25:53 | INFO: Extracting primitive: Wand shelf edge.001
13:25:53 | INFO: Primitives created: 1
13:25:53 | INFO: Extracting primitive: Cube.017
13:25:53 | INFO: Primitives created: 1
13:25:53 | INFO: Extracting primitive: Sphere
13:25:53 | INFO: Primitives created: 1
13:25:53 | INFO: Extracting primitive: Sphere.001
13:25:53 | INFO: Primitives created: 1
13:25:53 | INFO: Extracting primitive: Cube.018
13:25:53 | INFO: Primitives created: 1
13:25:53 | INFO: Extracting primitive: Sphere.002
13:25:53 | INFO: Primitives created: 1
13:25:53 | INFO: Extracting primitive: Sphere.003
13:25:53 | INFO: Primitives created: 1
13:25:53 | INFO: Extracting primitive: Cube.019
13:25:53 | INFO: Primitives created: 1
13:25:53 | INFO: Extracting primitive: Sphere.004
13:25:53 | INFO: Primitives created: 1
13:25:53 | INFO: Extracting primitive: Sphere.005
13:25:53 | INFO: Primitives created: 1
13:25:53 | INFO: Extracting primitive: Cube.020
13:25:53 | INFO: Primitives created: 1
13:25:53 | INFO: Extracting primitive: Sphere.006
13:25:53 | INFO: Primitives created: 1
13:25:53 | INFO: Extracting primitive: Sphere.007
13:25:53 | INFO: Primitives created: 1
13:25:53 | INFO: Extracting primitive: TagAcquire
13:25:53 | INFO: Primitives created: 1
13:25:53 | INFO: Extracting primitive: TagAcquire cut edge
13:25:53 | INFO: Primitives created: 1
13:25:53 | INFO: Extracting primitive: TagArmor
13:25:53 | INFO: Primitives created: 1
13:25:53 | INFO: Extracting primitive: TagArmor cut edge
13:25:53 | INFO: Primitives created: 1
13:25:53 | INFO: Extracting primitive: Wand shaft
13:25:53 | INFO: Primitives created: 1
13:25:53 | INFO: Extracting primitive: Cube.021
13:25:53 | INFO: Primitives created: 1
13:25:53 | INFO: Extracting primitive: Cube.022
13:25:53 | INFO: Primitives created: 1
13:25:53 | INFO: Extracting primitive: Icosphere
13:25:53 | INFO: Primitives created: 3
13:25:53 | INFO: Extracting primitive: Inlay socket
13:25:53 | INFO: Primitives created: 1
13:25:53 | INFO: Extracting primitive: Inlay socket.001
13:25:53 | INFO: Primitives created: 1
13:25:53 | INFO: Extracting primitive: Inlay highlight
13:25:53 | INFO: Primitives created: 1
13:25:53 | INFO: Extracting primitive: MapPaper
13:25:53 | INFO: Primitives created: 1
13:25:53 | INFO: Extracting primitive: MapPaper cut edge
13:25:53 | INFO: Primitives created: 1
13:25:53 | INFO: Extracting primitive: Cylinder
13:25:53 | INFO: Primitives created: 1
13:25:53 | INFO: Extracting primitive: Cylinder.001
13:25:53 | INFO: Primitives created: 1
13:25:53 | INFO: Extracting primitive: Cube.023
13:25:53 | INFO: Primitives created: 1
13:25:53 | INFO: Extracting primitive: R2 arched door opening
13:25:53 | INFO: Primitives created: 1
13:25:53 | INFO: Extracting primitive: Cone
13:25:53 | INFO: Primitives created: 1
13:25:53 | INFO: Extracting primitive: Finial
13:25:53 | INFO: Primitives created: 1
13:25:53 | INFO: Extracting primitive: R2 lining behind existing wand
13:25:53 | INFO: Primitives created: 1
13:25:53 | INFO: Extracting primitive: R2 folded lining perimeter
13:25:53 | INFO: Primitives created: 1
13:25:53 | INFO: Extracting primitive: R2 tag tied cord loop
13:25:53 | INFO: Primitives created: 1
13:25:53 | INFO: Extracting primitive: R2 tag cord short tail
13:25:53 | INFO: Primitives created: 1
13:25:53 | INFO: Extracting primitive: Icosphere.001
13:25:53 | INFO: Primitives created: 1
13:25:53 | INFO: Extracting primitive: R2 tag tied cord loop.001
13:25:53 | INFO: Primitives created: 1
13:25:53 | INFO: Extracting primitive: R2 tag cord short tail.001
13:25:53 | INFO: Primitives created: 1
13:25:53 | INFO: Extracting primitive: Icosphere.002
13:25:53 | INFO: Primitives created: 1
13:25:53 | INFO: Extracting primitive: R2 shaft ink fissure
13:25:53 | INFO: Primitives created: 1
13:25:53 | INFO: Extracting primitive: R2 shaft ink fissure.001
13:25:53 | INFO: Primitives created: 1
13:25:53 | INFO: Extracting primitive: R2 shaft ink fissure.002
13:25:53 | INFO: Primitives created: 1
13:25:53 | INFO: Extracting primitive: R2 exposed warm grey bark ridge
13:25:53 | INFO: Primitives created: 1
13:25:53 | INFO: Extracting primitive: R2 exposed warm grey bark ridge.001
13:25:53 | INFO: Primitives created: 1
13:25:53 | INFO: Extracting primitive: R2 exposed warm grey bark ridge.002
13:25:53 | INFO: Primitives created: 1
13:25:53 | INFO: Extracting primitive: R2 wandering bark root
13:25:53 | INFO: Primitives created: 1
13:25:53 | INFO: Extracting primitive: R2 wandering bark root.001
13:25:53 | INFO: Primitives created: 1
13:25:53 | INFO: Extracting primitive: Icosphere.003
13:25:53 | INFO: Primitives created: 1
13:25:53 | INFO: Extracting primitive: R2 knot heart ring
13:25:53 | INFO: Primitives created: 1
13:25:53 | INFO: Extracting primitive: R2 knot heart ring.001
13:25:53 | INFO: Primitives created: 1
13:25:53 | INFO: Extracting primitive: Icosphere.004
13:25:53 | INFO: Primitives created: 1
13:25:53 | INFO: Extracting primitive: R2 knot heart ring.002
13:25:53 | INFO: Primitives created: 1
13:25:53 | INFO: Extracting primitive: R2 knot heart ring.003
13:25:53 | INFO: Primitives created: 1
13:25:53 | INFO: Extracting primitive: R2 worn copper grip band
13:25:53 | INFO: Primitives created: 1
13:25:53 | INFO: Extracting primitive: R2 worn copper grip band.001
13:25:53 | INFO: Primitives created: 1
13:25:53 | INFO: Extracting primitive: R2 worn copper grip band.002
13:25:53 | INFO: Primitives created: 1
13:25:53 | INFO: Extracting primitive: R2 worn copper grip band.003
13:25:53 | INFO: Primitives created: 1
13:25:53 | INFO: Extracting primitive: R2 worn copper grip band.004
13:25:53 | INFO: Primitives created: 1
13:25:53 | INFO: Extracting primitive: R2 worn copper grip band.005
13:25:53 | INFO: Primitives created: 1
13:25:53 | INFO: Extracting primitive: R2 worn copper grip band.006
13:25:53 | INFO: Primitives created: 1
13:25:53 | INFO: Extracting primitive: R2 worn copper grip band.007
13:25:53 | INFO: Primitives created: 1
13:25:53 | INFO: Extracting primitive: R2 worn copper grip band.008
13:25:53 | INFO: Primitives created: 1
13:25:53 | INFO: Extracting primitive: R2 root prong around fixed inlay
13:25:53 | INFO: Primitives created: 1
13:25:53 | INFO: Extracting primitive: R2 root prong around fixed inlay.001
13:25:53 | INFO: Primitives created: 1
13:25:53 | INFO: Extracting primitive: R2 root prong around fixed inlay.002
13:25:53 | INFO: Primitives created: 1
13:25:53 | INFO: Extracting primitive: R2 root prong around fixed inlay.003
13:25:53 | INFO: Primitives created: 1
13:25:53 | INFO: Extracting primitive: Cube.025
13:25:53 | INFO: Primitives created: 1
13:25:53 | INFO: Extracting primitive: Cube.026
13:25:53 | INFO: Primitives created: 1
13:25:53 | INFO: Extracting primitive: Cube.027
13:25:53 | INFO: Primitives created: 1
13:25:53 | INFO: Extracting primitive: Cube.028
13:25:53 | INFO: Primitives created: 1
13:25:53 | INFO: Extracting primitive: Cube.029
13:25:53 | INFO: Primitives created: 1
13:25:53 | INFO: Extracting primitive: Cube.030
13:25:53 | INFO: Primitives created: 1
13:25:53 | INFO: Extracting primitive: R2 arch voussoir
13:25:53 | INFO: Primitives created: 1
13:25:53 | INFO: Extracting primitive: R2 arch voussoir.001
13:25:53 | INFO: Primitives created: 1
13:25:53 | INFO: Extracting primitive: R2 arch voussoir.002
13:25:53 | INFO: Primitives created: 1
13:25:53 | INFO: Extracting primitive: R2 arch voussoir.003
13:25:53 | INFO: Primitives created: 1
13:25:53 | INFO: Extracting primitive: R2 arch voussoir.004
13:25:53 | INFO: Primitives created: 1
13:25:53 | INFO: Extracting primitive: R2 arch voussoir.005
13:25:53 | INFO: Primitives created: 1
13:25:53 | INFO: Extracting primitive: R2 arch voussoir.006
13:25:53 | INFO: Primitives created: 1
13:25:53 | INFO: Extracting primitive: R2 door timber slit
13:25:53 | INFO: Primitives created: 1
13:25:53 | INFO: Extracting primitive: R2 door timber slit.001
13:25:53 | INFO: Primitives created: 1
13:25:53 | INFO: Extracting primitive: R2 door timber slit.002
13:25:53 | INFO: Primitives created: 1
13:25:53 | INFO: Extracting primitive: Cube.031
13:25:53 | INFO: Primitives created: 1
13:25:53 | INFO: Extracting primitive: Cube.032
13:25:53 | INFO: Primitives created: 1
13:25:53 | INFO: Extracting primitive: Cube.033
13:25:53 | INFO: Primitives created: 1
13:25:53 | INFO: Extracting primitive: Cube.034
13:25:53 | INFO: Primitives created: 1
13:25:53 | INFO: Extracting primitive: Cube.035
13:25:53 | INFO: Primitives created: 1
13:25:53 | INFO: Extracting primitive: Cube.036
13:25:53 | INFO: Primitives created: 1
13:25:53 | INFO: Extracting primitive: Cube.037
13:25:53 | INFO: Primitives created: 1
13:25:53 | INFO: Extracting primitive: Cube.038
13:25:53 | INFO: Primitives created: 1
13:25:53 | INFO: Extracting primitive: Cube.039
13:25:53 | INFO: Primitives created: 1
13:25:53 | INFO: Extracting primitive: Cube.040
13:25:53 | INFO: Primitives created: 1
13:25:53 | INFO: Extracting primitive: Cube.041
13:25:53 | INFO: Primitives created: 1
13:25:53 | INFO: Extracting primitive: Cube.042
13:25:53 | INFO: Primitives created: 1
13:25:53 | INFO: Extracting primitive: Cube.043
13:25:53 | INFO: Primitives created: 1
13:25:53 | INFO: Extracting primitive: Cube.044
13:25:53 | INFO: Primitives created: 1
13:25:53 | INFO: Extracting primitive: Cube.045
13:25:53 | INFO: Primitives created: 1
13:25:53 | INFO: Extracting primitive: Cube.046
13:25:53 | INFO: Primitives created: 1
13:25:53 | INFO: Extracting primitive: Cube.047
13:25:53 | INFO: Primitives created: 1
13:25:53 | INFO: Extracting primitive: Cube.048
13:25:53 | INFO: Primitives created: 1
13:25:53 | INFO: Extracting primitive: Cube.049
13:25:53 | INFO: Primitives created: 1
13:25:53 | INFO: Extracting primitive: Cube.050
13:25:53 | INFO: Primitives created: 1
13:25:53 | INFO: Extracting primitive: Cube.051
13:25:53 | INFO: Primitives created: 1
13:25:53 | INFO: Extracting primitive: Cube.052
13:25:53 | INFO: Primitives created: 1
13:25:53 | INFO: Extracting primitive: Cube.053
13:25:53 | INFO: Primitives created: 1
13:25:53 | INFO: Extracting primitive: Cube.054
13:25:53 | INFO: Primitives created: 1
13:25:53 | INFO: Extracting primitive: Cube.055
13:25:53 | INFO: Primitives created: 1
13:25:53 | INFO: Extracting primitive: Cube.056
13:25:53 | INFO: Primitives created: 1
13:25:53 | INFO: Extracting primitive: Cube.057
13:25:53 | INFO: Primitives created: 1
13:25:53 | INFO: Extracting primitive: Cube.058
13:25:53 | INFO: Primitives created: 1
13:25:53 | INFO: Extracting primitive: Cube.059
13:25:53 | INFO: Primitives created: 1
13:25:53 | INFO: Extracting primitive: Cube.060
13:25:53 | INFO: Primitives created: 1
13:25:53 | INFO: Extracting primitive: Cube.061
13:25:53 | INFO: Primitives created: 1
13:25:53 | INFO: Extracting primitive: Cube.062
13:25:53 | INFO: Primitives created: 1
13:25:53 | INFO: Extracting primitive: Cube.063
13:25:53 | INFO: Primitives created: 1
13:25:53 | INFO: Extracting primitive: Cube.064
13:25:53 | INFO: Primitives created: 1
13:25:53 | INFO: Extracting primitive: R2 narrow tower window
13:25:53 | INFO: Primitives created: 1
13:25:53 | INFO: Extracting primitive: R2 window lower sill
13:25:53 | INFO: Primitives created: 1
13:25:53 | INFO: Extracting primitive: R2 narrow tower window.001
13:25:53 | INFO: Primitives created: 1
13:25:53 | INFO: Extracting primitive: R2 window lower sill.001
13:25:53 | INFO: Primitives created: 1
13:25:53 | INFO: Extracting primitive: R2 side slit window
13:25:53 | INFO: Primitives created: 1
13:25:53 | INFO: Extracting primitive: Cube.065
13:25:53 | INFO: Primitives created: 1
13:25:53 | INFO: Extracting primitive: Cube.066
13:25:53 | INFO: Primitives created: 1
13:25:53 | INFO: Extracting primitive: Cube.067
13:25:53 | INFO: Primitives created: 1
13:25:53 | INFO: Extracting primitive: Cube.068
13:25:53 | INFO: Primitives created: 1
13:25:53 | INFO: Extracting primitive: Cube.069
13:25:53 | INFO: Primitives created: 1
13:25:53 | INFO: Extracting primitive: Cube.070
13:25:53 | INFO: Primitives created: 1
13:25:53 | INFO: Extracting primitive: Cube.071
13:25:53 | INFO: Primitives created: 1
13:25:53 | INFO: Extracting primitive: Cube.072
13:25:53 | INFO: Primitives created: 1
13:25:53 | INFO: Extracting primitive: R2 fitted slate tile
13:25:53 | INFO: Primitives created: 1
13:25:53 | INFO: Extracting primitive: R2 slate lower lip
13:25:53 | INFO: Primitives created: 1
13:25:53 | INFO: Extracting primitive: R2 fitted slate tile.001
13:25:53 | INFO: Primitives created: 1
13:25:53 | INFO: Extracting primitive: R2 slate lower lip.001
13:25:53 | INFO: Primitives created: 1
13:25:53 | INFO: Extracting primitive: R2 fitted slate tile.002
13:25:53 | INFO: Primitives created: 1
13:25:53 | INFO: Extracting primitive: R2 slate lower lip.002
13:25:53 | INFO: Primitives created: 1
13:25:53 | INFO: Extracting primitive: R2 fitted slate tile.003
13:25:53 | INFO: Primitives created: 1
13:25:53 | INFO: Extracting primitive: R2 slate lower lip.003
13:25:53 | INFO: Primitives created: 1
13:25:53 | INFO: Extracting primitive: R2 fitted slate tile.004
13:25:53 | INFO: Primitives created: 1
13:25:53 | INFO: Extracting primitive: R2 slate lower lip.004
13:25:53 | INFO: Primitives created: 1
13:25:53 | INFO: Extracting primitive: R2 fitted slate tile.005
13:25:53 | INFO: Primitives created: 1
13:25:53 | INFO: Extracting primitive: R2 slate lower lip.005
13:25:53 | INFO: Primitives created: 1
13:25:53 | INFO: Extracting primitive: R2 fitted slate tile.006
13:25:53 | INFO: Primitives created: 1
13:25:53 | INFO: Extracting primitive: R2 slate lower lip.006
13:25:53 | INFO: Primitives created: 1
13:25:53 | INFO: Extracting primitive: R2 roof row seam
13:25:53 | INFO: Primitives created: 1
13:25:53 | INFO: Extracting primitive: R2 fitted slate tile.007
13:25:53 | INFO: Primitives created: 1
13:25:53 | INFO: Extracting primitive: R2 slate lower lip.007
13:25:53 | INFO: Primitives created: 1
13:25:53 | INFO: Extracting primitive: R2 fitted slate tile.008
13:25:53 | INFO: Primitives created: 1
13:25:53 | INFO: Extracting primitive: R2 slate lower lip.008
13:25:53 | INFO: Primitives created: 1
13:25:53 | INFO: Extracting primitive: R2 fitted slate tile.009
13:25:53 | INFO: Primitives created: 1
13:25:53 | INFO: Extracting primitive: R2 slate lower lip.009
13:25:53 | INFO: Primitives created: 1
13:25:53 | INFO: Extracting primitive: R2 fitted slate tile.010
13:25:53 | INFO: Primitives created: 1
13:25:53 | INFO: Extracting primitive: R2 slate lower lip.010
13:25:53 | INFO: Primitives created: 1
13:25:53 | INFO: Extracting primitive: R2 fitted slate tile.011
13:25:53 | INFO: Primitives created: 1
13:25:53 | INFO: Extracting primitive: R2 slate lower lip.011
13:25:53 | INFO: Primitives created: 1
13:25:53 | INFO: Extracting primitive: R2 fitted slate tile.012
13:25:53 | INFO: Primitives created: 1
13:25:53 | INFO: Extracting primitive: R2 slate lower lip.012
13:25:53 | INFO: Primitives created: 1
13:25:53 | INFO: Extracting primitive: R2 roof row seam.001
13:25:53 | INFO: Primitives created: 1
13:25:53 | INFO: Extracting primitive: R2 fitted slate tile.013
13:25:53 | INFO: Primitives created: 1
13:25:53 | INFO: Extracting primitive: R2 slate lower lip.013
13:25:53 | INFO: Primitives created: 1
13:25:53 | INFO: Extracting primitive: R2 fitted slate tile.014
13:25:53 | INFO: Primitives created: 1
13:25:53 | INFO: Extracting primitive: R2 slate lower lip.014
13:25:53 | INFO: Primitives created: 1
13:25:53 | INFO: Extracting primitive: R2 fitted slate tile.015
13:25:53 | INFO: Primitives created: 1
13:25:53 | INFO: Extracting primitive: R2 slate lower lip.015
13:25:53 | INFO: Primitives created: 1
13:25:53 | INFO: Extracting primitive: R2 fitted slate tile.016
13:25:53 | INFO: Primitives created: 1
13:25:53 | INFO: Extracting primitive: R2 slate lower lip.016
13:25:53 | INFO: Primitives created: 1
13:25:53 | INFO: Extracting primitive: R2 fitted slate tile.017
13:25:53 | INFO: Primitives created: 1
13:25:53 | INFO: Extracting primitive: R2 slate lower lip.017
13:25:53 | INFO: Primitives created: 1
13:25:53 | INFO: Extracting primitive: R2 roof row seam.002
13:25:53 | INFO: Primitives created: 1
13:25:53 | INFO: Extracting primitive: R2 fitted slate tile.018
13:25:53 | INFO: Primitives created: 1
13:25:53 | INFO: Extracting primitive: R2 slate lower lip.018
13:25:53 | INFO: Primitives created: 1
13:25:53 | INFO: Extracting primitive: R2 fitted slate tile.019
13:25:53 | INFO: Primitives created: 1
13:25:53 | INFO: Extracting primitive: R2 slate lower lip.019
13:25:53 | INFO: Primitives created: 1
13:25:53 | INFO: Extracting primitive: R2 fitted slate tile.020
13:25:53 | INFO: Primitives created: 1
13:25:53 | INFO: Extracting primitive: R2 slate lower lip.020
13:25:53 | INFO: Primitives created: 1
13:25:53 | INFO: Extracting primitive: R2 fitted slate tile.021
13:25:53 | INFO: Primitives created: 1
13:25:53 | INFO: Extracting primitive: R2 slate lower lip.021
13:25:53 | INFO: Primitives created: 1
13:25:53 | INFO: Extracting primitive: R2 roof row seam.003
13:25:53 | INFO: Primitives created: 1
13:25:53 | INFO: Extracting primitive: R2 fitted slate tile.022
13:25:53 | INFO: Primitives created: 1
13:25:53 | INFO: Extracting primitive: R2 slate lower lip.022
13:25:53 | INFO: Primitives created: 1
13:25:53 | INFO: Extracting primitive: R2 fitted slate tile.023
13:25:53 | INFO: Primitives created: 1
13:25:53 | INFO: Extracting primitive: R2 slate lower lip.023
13:25:53 | INFO: Primitives created: 1
13:25:53 | INFO: Extracting primitive: R2 fitted slate tile.024
13:25:53 | INFO: Primitives created: 1
13:25:53 | INFO: Extracting primitive: R2 slate lower lip.024
13:25:53 | INFO: Primitives created: 1
13:25:53 | INFO: Extracting primitive: R2 roof row seam.004
13:25:53 | INFO: Primitives created: 1
13:25:53 | INFO: Extracting primitive: R2 fitted slate tile.025
13:25:53 | INFO: Primitives created: 1
13:25:53 | INFO: Extracting primitive: R2 slate lower lip.025
13:25:53 | INFO: Primitives created: 1
13:25:53 | INFO: Extracting primitive: R2 fitted slate tile.026
13:25:53 | INFO: Primitives created: 1
13:25:53 | INFO: Extracting primitive: R2 slate lower lip.026
13:25:53 | INFO: Primitives created: 1
13:25:53 | INFO: Extracting primitive: R2 roof row seam.005
13:25:53 | INFO: Primitives created: 1
13:25:53 | INFO: Extracting primitive: R2 fitted slate tile.027
13:25:53 | INFO: Primitives created: 1
13:25:53 | INFO: Extracting primitive: R2 slate lower lip.027
13:25:53 | INFO: Primitives created: 1
13:25:53 | INFO: Extracting primitive: R2 fitted slate tile.028
13:25:53 | INFO: Primitives created: 1
13:25:53 | INFO: Extracting primitive: R2 slate lower lip.028
13:25:53 | INFO: Primitives created: 1
13:25:53 | INFO: Extracting primitive: R2 roof row seam.006
13:25:53 | INFO: Primitives created: 1
13:25:53 | INFO: Extracting primitive: R2 roof hip seam
13:25:53 | INFO: Primitives created: 1
13:25:53 | INFO: Extracting primitive: R2 roof hip seam.001
13:25:53 | INFO: Primitives created: 1
13:25:53 | INFO: Extracting primitive: R2 fitted slate tile.029
13:25:53 | INFO: Primitives created: 1
13:25:53 | INFO: Extracting primitive: R2 slate lower lip.029
13:25:53 | INFO: Primitives created: 1
13:25:53 | INFO: Extracting primitive: R2 fitted slate tile.030
13:25:53 | INFO: Primitives created: 1
13:25:53 | INFO: Extracting primitive: R2 slate lower lip.030
13:25:53 | INFO: Primitives created: 1
13:25:53 | INFO: Extracting primitive: R2 fitted slate tile.031
13:25:53 | INFO: Primitives created: 1
13:25:53 | INFO: Extracting primitive: R2 slate lower lip.031
13:25:53 | INFO: Primitives created: 1
13:25:53 | INFO: Extracting primitive: R2 fitted slate tile.032
13:25:53 | INFO: Primitives created: 1
13:25:53 | INFO: Extracting primitive: R2 slate lower lip.032
13:25:53 | INFO: Primitives created: 1
13:25:53 | INFO: Extracting primitive: R2 fitted slate tile.033
13:25:53 | INFO: Primitives created: 1
13:25:53 | INFO: Extracting primitive: R2 slate lower lip.033
13:25:53 | INFO: Primitives created: 1
13:25:53 | INFO: Extracting primitive: R2 fitted slate tile.034
13:25:53 | INFO: Primitives created: 1
13:25:53 | INFO: Extracting primitive: R2 slate lower lip.034
13:25:53 | INFO: Primitives created: 1
13:25:53 | INFO: Extracting primitive: R2 fitted slate tile.035
13:25:53 | INFO: Primitives created: 1
13:25:53 | INFO: Extracting primitive: R2 slate lower lip.035
13:25:53 | INFO: Primitives created: 1
13:25:53 | INFO: Extracting primitive: R2 roof row seam.007
13:25:53 | INFO: Primitives created: 1
13:25:53 | INFO: Extracting primitive: R2 fitted slate tile.036
13:25:53 | INFO: Primitives created: 1
13:25:53 | INFO: Extracting primitive: R2 slate lower lip.036
13:25:53 | INFO: Primitives created: 1
13:25:53 | INFO: Extracting primitive: R2 fitted slate tile.037
13:25:53 | INFO: Primitives created: 1
13:25:53 | INFO: Extracting primitive: R2 slate lower lip.037
13:25:53 | INFO: Primitives created: 1
13:25:53 | INFO: Extracting primitive: R2 fitted slate tile.038
13:25:53 | INFO: Primitives created: 1
13:25:53 | INFO: Extracting primitive: R2 slate lower lip.038
13:25:53 | INFO: Primitives created: 1
13:25:53 | INFO: Extracting primitive: R2 fitted slate tile.039
13:25:53 | INFO: Primitives created: 1
13:25:53 | INFO: Extracting primitive: R2 slate lower lip.039
13:25:53 | INFO: Primitives created: 1
13:25:53 | INFO: Extracting primitive: R2 fitted slate tile.040
13:25:53 | INFO: Primitives created: 1
13:25:53 | INFO: Extracting primitive: R2 slate lower lip.040
13:25:53 | INFO: Primitives created: 1
13:25:53 | INFO: Extracting primitive: R2 fitted slate tile.041
13:25:53 | INFO: Primitives created: 1
13:25:53 | INFO: Extracting primitive: R2 slate lower lip.041
13:25:53 | INFO: Primitives created: 1
13:25:53 | INFO: Extracting primitive: R2 roof row seam.008
13:25:53 | INFO: Primitives created: 1
13:25:53 | INFO: Extracting primitive: R2 fitted slate tile.042
13:25:53 | INFO: Primitives created: 1
13:25:53 | INFO: Extracting primitive: R2 slate lower lip.042
13:25:53 | INFO: Primitives created: 1
13:25:53 | INFO: Extracting primitive: R2 fitted slate tile.043
13:25:53 | INFO: Primitives created: 1
13:25:53 | INFO: Extracting primitive: R2 slate lower lip.043
13:25:53 | INFO: Primitives created: 1
13:25:53 | INFO: Extracting primitive: R2 fitted slate tile.044
13:25:53 | INFO: Primitives created: 1
13:25:53 | INFO: Extracting primitive: R2 slate lower lip.044
13:25:53 | INFO: Primitives created: 1
13:25:53 | INFO: Extracting primitive: R2 fitted slate tile.045
13:25:53 | INFO: Primitives created: 1
13:25:53 | INFO: Extracting primitive: R2 slate lower lip.045
13:25:53 | INFO: Primitives created: 1
13:25:53 | INFO: Extracting primitive: R2 fitted slate tile.046
13:25:53 | INFO: Primitives created: 1
13:25:53 | INFO: Extracting primitive: R2 slate lower lip.046
13:25:53 | INFO: Primitives created: 1
13:25:53 | INFO: Extracting primitive: R2 roof row seam.009
13:25:53 | INFO: Primitives created: 1
13:25:53 | INFO: Extracting primitive: R2 fitted slate tile.047
13:25:53 | INFO: Primitives created: 1
13:25:53 | INFO: Extracting primitive: R2 slate lower lip.047
13:25:53 | INFO: Primitives created: 1
13:25:53 | INFO: Extracting primitive: R2 fitted slate tile.048
13:25:53 | INFO: Primitives created: 1
13:25:53 | INFO: Extracting primitive: R2 slate lower lip.048
13:25:53 | INFO: Primitives created: 1
13:25:53 | INFO: Extracting primitive: R2 fitted slate tile.049
13:25:53 | INFO: Primitives created: 1
13:25:53 | INFO: Extracting primitive: R2 slate lower lip.049
13:25:53 | INFO: Primitives created: 1
13:25:53 | INFO: Extracting primitive: R2 fitted slate tile.050
13:25:53 | INFO: Primitives created: 1
13:25:53 | INFO: Extracting primitive: R2 slate lower lip.050
13:25:53 | INFO: Primitives created: 1
13:25:53 | INFO: Extracting primitive: R2 roof row seam.010
13:25:53 | INFO: Primitives created: 1
13:25:53 | INFO: Extracting primitive: R2 fitted slate tile.051
13:25:53 | INFO: Primitives created: 1
13:25:53 | INFO: Extracting primitive: R2 slate lower lip.051
13:25:53 | INFO: Primitives created: 1
13:25:53 | INFO: Extracting primitive: R2 fitted slate tile.052
13:25:53 | INFO: Primitives created: 1
13:25:53 | INFO: Extracting primitive: R2 slate lower lip.052
13:25:53 | INFO: Primitives created: 1
13:25:53 | INFO: Extracting primitive: R2 fitted slate tile.053
13:25:53 | INFO: Primitives created: 1
13:25:53 | INFO: Extracting primitive: R2 slate lower lip.053
13:25:53 | INFO: Primitives created: 1
13:25:53 | INFO: Extracting primitive: R2 roof row seam.011
13:25:53 | INFO: Primitives created: 1
13:25:53 | INFO: Extracting primitive: R2 fitted slate tile.054
13:25:53 | INFO: Primitives created: 1
13:25:53 | INFO: Extracting primitive: R2 slate lower lip.054
13:25:53 | INFO: Primitives created: 1
13:25:53 | INFO: Extracting primitive: R2 fitted slate tile.055
13:25:53 | INFO: Primitives created: 1
13:25:53 | INFO: Extracting primitive: R2 slate lower lip.055
13:25:53 | INFO: Primitives created: 1
13:25:53 | INFO: Extracting primitive: R2 roof row seam.012
13:25:53 | INFO: Primitives created: 1
13:25:53 | INFO: Extracting primitive: R2 fitted slate tile.056
13:25:53 | INFO: Primitives created: 1
13:25:53 | INFO: Extracting primitive: R2 slate lower lip.056
13:25:53 | INFO: Primitives created: 1
13:25:53 | INFO: Extracting primitive: R2 fitted slate tile.057
13:25:53 | INFO: Primitives created: 1
13:25:53 | INFO: Extracting primitive: R2 slate lower lip.057
13:25:53 | INFO: Primitives created: 1
13:25:53 | INFO: Extracting primitive: R2 roof row seam.013
13:25:53 | INFO: Primitives created: 1
13:25:53 | INFO: Extracting primitive: R2 roof hip seam.002
13:25:53 | INFO: Primitives created: 1
13:25:53 | INFO: Extracting primitive: R2 roof hip seam.003
13:25:53 | INFO: Primitives created: 1
13:25:53 | INFO: Extracting primitive: R2 fitted slate tile.058
13:25:53 | INFO: Primitives created: 1
13:25:53 | INFO: Extracting primitive: R2 slate lower lip.058
13:25:53 | INFO: Primitives created: 1
13:25:53 | INFO: Extracting primitive: R2 fitted slate tile.059
13:25:53 | INFO: Primitives created: 1
13:25:53 | INFO: Extracting primitive: R2 slate lower lip.059
13:25:53 | INFO: Primitives created: 1
13:25:53 | INFO: Extracting primitive: R2 fitted slate tile.060
13:25:53 | INFO: Primitives created: 1
13:25:53 | INFO: Extracting primitive: R2 slate lower lip.060
13:25:53 | INFO: Primitives created: 1
13:25:53 | INFO: Extracting primitive: R2 fitted slate tile.061
13:25:53 | INFO: Primitives created: 1
13:25:53 | INFO: Extracting primitive: R2 slate lower lip.061
13:25:53 | INFO: Primitives created: 1
13:25:53 | INFO: Extracting primitive: R2 fitted slate tile.062
13:25:53 | INFO: Primitives created: 1
13:25:53 | INFO: Extracting primitive: R2 slate lower lip.062
13:25:53 | INFO: Primitives created: 1
13:25:53 | INFO: Extracting primitive: R2 fitted slate tile.063
13:25:53 | INFO: Primitives created: 1
13:25:53 | INFO: Extracting primitive: R2 slate lower lip.063
13:25:53 | INFO: Primitives created: 1
13:25:53 | INFO: Extracting primitive: R2 fitted slate tile.064
13:25:53 | INFO: Primitives created: 1
13:25:53 | INFO: Extracting primitive: R2 slate lower lip.064
13:25:53 | INFO: Primitives created: 1
13:25:53 | INFO: Extracting primitive: R2 roof row seam.014
13:25:53 | INFO: Primitives created: 1
13:25:53 | INFO: Extracting primitive: R2 fitted slate tile.065
13:25:53 | INFO: Primitives created: 1
13:25:53 | INFO: Extracting primitive: R2 slate lower lip.065
13:25:53 | INFO: Primitives created: 1
13:25:53 | INFO: Extracting primitive: R2 fitted slate tile.066
13:25:53 | INFO: Primitives created: 1
13:25:53 | INFO: Extracting primitive: R2 slate lower lip.066
13:25:53 | INFO: Primitives created: 1
13:25:53 | INFO: Extracting primitive: R2 fitted slate tile.067
13:25:53 | INFO: Primitives created: 1
13:25:53 | INFO: Extracting primitive: R2 slate lower lip.067
13:25:53 | INFO: Primitives created: 1
13:25:53 | INFO: Extracting primitive: R2 fitted slate tile.068
13:25:53 | INFO: Primitives created: 1
13:25:53 | INFO: Extracting primitive: R2 slate lower lip.068
13:25:53 | INFO: Primitives created: 1
13:25:53 | INFO: Extracting primitive: R2 fitted slate tile.069
13:25:53 | INFO: Primitives created: 1
13:25:53 | INFO: Extracting primitive: R2 slate lower lip.069
13:25:53 | INFO: Primitives created: 1
13:25:53 | INFO: Extracting primitive: R2 fitted slate tile.070
13:25:53 | INFO: Primitives created: 1
13:25:53 | INFO: Extracting primitive: R2 slate lower lip.070
13:25:53 | INFO: Primitives created: 1
13:25:53 | INFO: Extracting primitive: R2 roof row seam.015
13:25:53 | INFO: Primitives created: 1
13:25:53 | INFO: Extracting primitive: R2 fitted slate tile.071
13:25:53 | INFO: Primitives created: 1
13:25:53 | INFO: Extracting primitive: R2 slate lower lip.071
13:25:53 | INFO: Primitives created: 1
13:25:53 | INFO: Extracting primitive: R2 fitted slate tile.072
13:25:53 | INFO: Primitives created: 1
13:25:53 | INFO: Extracting primitive: R2 slate lower lip.072
13:25:53 | INFO: Primitives created: 1
13:25:53 | INFO: Extracting primitive: R2 fitted slate tile.073
13:25:53 | INFO: Primitives created: 1
13:25:53 | INFO: Extracting primitive: R2 slate lower lip.073
13:25:53 | INFO: Primitives created: 1
13:25:53 | INFO: Extracting primitive: R2 fitted slate tile.074
13:25:53 | INFO: Primitives created: 1
13:25:53 | INFO: Extracting primitive: R2 slate lower lip.074
13:25:53 | INFO: Primitives created: 1
13:25:53 | INFO: Extracting primitive: R2 fitted slate tile.075
13:25:53 | INFO: Primitives created: 1
13:25:53 | INFO: Extracting primitive: R2 slate lower lip.075
13:25:53 | INFO: Primitives created: 1
13:25:53 | INFO: Extracting primitive: R2 roof row seam.016
13:25:53 | INFO: Primitives created: 1
13:25:53 | INFO: Extracting primitive: R2 fitted slate tile.076
13:25:53 | INFO: Primitives created: 1
13:25:53 | INFO: Extracting primitive: R2 slate lower lip.076
13:25:53 | INFO: Primitives created: 1
13:25:53 | INFO: Extracting primitive: R2 fitted slate tile.077
13:25:53 | INFO: Primitives created: 1
13:25:53 | INFO: Extracting primitive: R2 slate lower lip.077
13:25:53 | INFO: Primitives created: 1
13:25:53 | INFO: Extracting primitive: R2 fitted slate tile.078
13:25:53 | INFO: Primitives created: 1
13:25:53 | INFO: Extracting primitive: R2 slate lower lip.078
13:25:53 | INFO: Primitives created: 1
13:25:53 | INFO: Extracting primitive: R2 fitted slate tile.079
13:25:53 | INFO: Primitives created: 1
13:25:53 | INFO: Extracting primitive: R2 slate lower lip.079
13:25:53 | INFO: Primitives created: 1
13:25:53 | INFO: Extracting primitive: R2 roof row seam.017
13:25:53 | INFO: Primitives created: 1
13:25:53 | INFO: Extracting primitive: R2 fitted slate tile.080
13:25:53 | INFO: Primitives created: 1
13:25:53 | INFO: Extracting primitive: R2 slate lower lip.080
13:25:53 | INFO: Primitives created: 1
13:25:53 | INFO: Extracting primitive: R2 fitted slate tile.081
13:25:53 | INFO: Primitives created: 1
13:25:53 | INFO: Extracting primitive: R2 slate lower lip.081
13:25:53 | INFO: Primitives created: 1
13:25:53 | INFO: Extracting primitive: R2 fitted slate tile.082
13:25:53 | INFO: Primitives created: 1
13:25:53 | INFO: Extracting primitive: R2 slate lower lip.082
13:25:53 | INFO: Primitives created: 1
13:25:53 | INFO: Extracting primitive: R2 roof row seam.018
13:25:53 | INFO: Primitives created: 1
13:25:53 | INFO: Extracting primitive: R2 fitted slate tile.083
13:25:53 | INFO: Primitives created: 1
13:25:53 | INFO: Extracting primitive: R2 slate lower lip.083
13:25:53 | INFO: Primitives created: 1
13:25:53 | INFO: Extracting primitive: R2 fitted slate tile.084
13:25:53 | INFO: Primitives created: 1
13:25:53 | INFO: Extracting primitive: R2 slate lower lip.084
13:25:53 | INFO: Primitives created: 1
13:25:53 | INFO: Extracting primitive: R2 roof row seam.019
13:25:53 | INFO: Primitives created: 1
13:25:53 | INFO: Extracting primitive: R2 fitted slate tile.085
13:25:53 | INFO: Primitives created: 1
13:25:53 | INFO: Extracting primitive: R2 slate lower lip.085
13:25:53 | INFO: Primitives created: 1
13:25:53 | INFO: Extracting primitive: R2 fitted slate tile.086
13:25:53 | INFO: Primitives created: 1
13:25:53 | INFO: Extracting primitive: R2 slate lower lip.086
13:25:53 | INFO: Primitives created: 1
13:25:53 | INFO: Extracting primitive: R2 roof row seam.020
13:25:53 | INFO: Primitives created: 1
13:25:53 | INFO: Extracting primitive: R2 roof hip seam.004
13:25:53 | INFO: Primitives created: 1
13:25:53 | INFO: Extracting primitive: R2 roof hip seam.005
13:25:53 | INFO: Primitives created: 1
13:25:53 | INFO: Extracting primitive: R2 fitted slate tile.087
13:25:53 | INFO: Primitives created: 1
13:25:53 | INFO: Extracting primitive: R2 slate lower lip.087
13:25:53 | INFO: Primitives created: 1
13:25:53 | INFO: Extracting primitive: R2 fitted slate tile.088
13:25:53 | INFO: Primitives created: 1
13:25:53 | INFO: Extracting primitive: R2 slate lower lip.088
13:25:53 | INFO: Primitives created: 1
13:25:53 | INFO: Extracting primitive: R2 fitted slate tile.089
13:25:53 | INFO: Primitives created: 1
13:25:53 | INFO: Extracting primitive: R2 slate lower lip.089
13:25:53 | INFO: Primitives created: 1
13:25:53 | INFO: Extracting primitive: R2 fitted slate tile.090
13:25:53 | INFO: Primitives created: 1
13:25:53 | INFO: Extracting primitive: R2 slate lower lip.090
13:25:53 | INFO: Primitives created: 1
13:25:53 | INFO: Extracting primitive: R2 fitted slate tile.091
13:25:53 | INFO: Primitives created: 1
13:25:53 | INFO: Extracting primitive: R2 slate lower lip.091
13:25:53 | INFO: Primitives created: 1
13:25:53 | INFO: Extracting primitive: R2 fitted slate tile.092
13:25:53 | INFO: Primitives created: 1
13:25:53 | INFO: Extracting primitive: R2 slate lower lip.092
13:25:53 | INFO: Primitives created: 1
13:25:53 | INFO: Extracting primitive: R2 fitted slate tile.093
13:25:53 | INFO: Primitives created: 1
13:25:53 | INFO: Extracting primitive: R2 slate lower lip.093
13:25:53 | INFO: Primitives created: 1
13:25:53 | INFO: Extracting primitive: R2 roof row seam.021
13:25:53 | INFO: Primitives created: 1
13:25:53 | INFO: Extracting primitive: R2 fitted slate tile.094
13:25:53 | INFO: Primitives created: 1
13:25:53 | INFO: Extracting primitive: R2 slate lower lip.094
13:25:53 | INFO: Primitives created: 1
13:25:53 | INFO: Extracting primitive: R2 fitted slate tile.095
13:25:53 | INFO: Primitives created: 1
13:25:53 | INFO: Extracting primitive: R2 slate lower lip.095
13:25:53 | INFO: Primitives created: 1
13:25:53 | INFO: Extracting primitive: R2 fitted slate tile.096
13:25:53 | INFO: Primitives created: 1
13:25:53 | INFO: Extracting primitive: R2 slate lower lip.096
13:25:53 | INFO: Primitives created: 1
13:25:53 | INFO: Extracting primitive: R2 fitted slate tile.097
13:25:53 | INFO: Primitives created: 1
13:25:53 | INFO: Extracting primitive: R2 slate lower lip.097
13:25:53 | INFO: Primitives created: 1
13:25:53 | INFO: Extracting primitive: R2 fitted slate tile.098
13:25:53 | INFO: Primitives created: 1
13:25:53 | INFO: Extracting primitive: R2 slate lower lip.098
13:25:53 | INFO: Primitives created: 1
13:25:53 | INFO: Extracting primitive: R2 fitted slate tile.099
13:25:53 | INFO: Primitives created: 1
13:25:53 | INFO: Extracting primitive: R2 slate lower lip.099
13:25:53 | INFO: Primitives created: 1
13:25:53 | INFO: Extracting primitive: R2 roof row seam.022
13:25:53 | INFO: Primitives created: 1
13:25:53 | INFO: Extracting primitive: R2 fitted slate tile.100
13:25:53 | INFO: Primitives created: 1
13:25:53 | INFO: Extracting primitive: R2 slate lower lip.100
13:25:53 | INFO: Primitives created: 1
13:25:53 | INFO: Extracting primitive: R2 fitted slate tile.101
13:25:53 | INFO: Primitives created: 1
13:25:53 | INFO: Extracting primitive: R2 slate lower lip.101
13:25:53 | INFO: Primitives created: 1
13:25:53 | INFO: Extracting primitive: R2 fitted slate tile.102
13:25:53 | INFO: Primitives created: 1
13:25:53 | INFO: Extracting primitive: R2 slate lower lip.102
13:25:53 | INFO: Primitives created: 1
13:25:53 | INFO: Extracting primitive: R2 fitted slate tile.103
13:25:53 | INFO: Primitives created: 1
13:25:53 | INFO: Extracting primitive: R2 slate lower lip.103
13:25:53 | INFO: Primitives created: 1
13:25:53 | INFO: Extracting primitive: R2 fitted slate tile.104
13:25:53 | INFO: Primitives created: 1
13:25:53 | INFO: Extracting primitive: R2 slate lower lip.104
13:25:53 | INFO: Primitives created: 1
13:25:53 | INFO: Extracting primitive: R2 roof row seam.023
13:25:53 | INFO: Primitives created: 1
13:25:53 | INFO: Extracting primitive: R2 fitted slate tile.105
13:25:53 | INFO: Primitives created: 1
13:25:53 | INFO: Extracting primitive: R2 slate lower lip.105
13:25:53 | INFO: Primitives created: 1
13:25:53 | INFO: Extracting primitive: R2 fitted slate tile.106
13:25:53 | INFO: Primitives created: 1
13:25:53 | INFO: Extracting primitive: R2 slate lower lip.106
13:25:53 | INFO: Primitives created: 1
13:25:53 | INFO: Extracting primitive: R2 fitted slate tile.107
13:25:53 | INFO: Primitives created: 1
13:25:53 | INFO: Extracting primitive: R2 slate lower lip.107
13:25:53 | INFO: Primitives created: 1
13:25:53 | INFO: Extracting primitive: R2 fitted slate tile.108
13:25:53 | INFO: Primitives created: 1
13:25:53 | INFO: Extracting primitive: R2 slate lower lip.108
13:25:53 | INFO: Primitives created: 1
13:25:53 | INFO: Extracting primitive: R2 roof row seam.024
13:25:53 | INFO: Primitives created: 1
13:25:53 | INFO: Extracting primitive: R2 fitted slate tile.109
13:25:53 | INFO: Primitives created: 1
13:25:53 | INFO: Extracting primitive: R2 slate lower lip.109
13:25:53 | INFO: Primitives created: 1
13:25:53 | INFO: Extracting primitive: R2 fitted slate tile.110
13:25:53 | INFO: Primitives created: 1
13:25:53 | INFO: Extracting primitive: R2 slate lower lip.110
13:25:53 | INFO: Primitives created: 1
13:25:53 | INFO: Extracting primitive: R2 fitted slate tile.111
13:25:53 | INFO: Primitives created: 1
13:25:53 | INFO: Extracting primitive: R2 slate lower lip.111
13:25:53 | INFO: Primitives created: 1
13:25:53 | INFO: Extracting primitive: R2 roof row seam.025
13:25:53 | INFO: Primitives created: 1
13:25:53 | INFO: Extracting primitive: R2 fitted slate tile.112
13:25:53 | INFO: Primitives created: 1
13:25:53 | INFO: Extracting primitive: R2 slate lower lip.112
13:25:53 | INFO: Primitives created: 1
13:25:53 | INFO: Extracting primitive: R2 fitted slate tile.113
13:25:53 | INFO: Primitives created: 1
13:25:53 | INFO: Extracting primitive: R2 slate lower lip.113
13:25:53 | INFO: Primitives created: 1
13:25:53 | INFO: Extracting primitive: R2 roof row seam.026
13:25:53 | INFO: Primitives created: 1
13:25:53 | INFO: Extracting primitive: R2 fitted slate tile.114
13:25:53 | INFO: Primitives created: 1
13:25:53 | INFO: Extracting primitive: R2 slate lower lip.114
13:25:53 | INFO: Primitives created: 1
13:25:53 | INFO: Extracting primitive: R2 fitted slate tile.115
13:25:53 | INFO: Primitives created: 1
13:25:53 | INFO: Extracting primitive: R2 slate lower lip.115
13:25:53 | INFO: Primitives created: 1
13:25:53 | INFO: Extracting primitive: R2 roof row seam.027
13:25:53 | INFO: Primitives created: 1
13:25:53 | INFO: Extracting primitive: R2 roof hip seam.006
13:25:53 | INFO: Primitives created: 1
13:25:53 | INFO: Extracting primitive: R2 roof hip seam.007
13:25:53 | INFO: Primitives created: 1
13:25:53 | INFO: Finished glTF 2.0 export in 0.3769831657409668 s
Blender 4.5.13 LTS (hash daeeeca98fb0 built 2026-08-25 01:50:50)
Read blend: "E:\Project\game-002-godogen-lab\art\e1\e1-r2-ui.blend"
Fra:1 Mem:56.81M (Peak 62.99M) | Time:00:00.02 | Mem:0.00M, Peak:0.00M | Scene, ViewLayer | Synchronizing object | Backdrop
Fra:1 Mem:56.82M (Peak 62.99M) | Time:00:00.02 | Mem:0.00M, Peak:0.00M | Scene, ViewLayer | Synchronizing object | Backboard edge
Fra:1 Mem:56.88M (Peak 62.99M) | Time:00:00.02 | Mem:0.00M, Peak:0.00M | Scene, ViewLayer | Synchronizing object | Backboard edge.001
Fra:1 Mem:56.90M (Peak 62.99M) | Time:00:00.02 | Mem:0.00M, Peak:0.00M | Scene, ViewLayer | Synchronizing object | Backboard.001
Fra:1 Mem:56.90M (Peak 62.99M) | Time:00:00.02 | Mem:0.00M, Peak:0.00M | Scene, ViewLayer | Synchronizing object | Backboard edge.002
Fra:1 Mem:56.96M (Peak 62.99M) | Time:00:00.02 | Mem:0.00M, Peak:0.00M | Scene, ViewLayer | Synchronizing object | Backboard edge.003
Fra:1 Mem:56.97M (Peak 62.99M) | Time:00:00.02 | Mem:0.00M, Peak:0.00M | Scene, ViewLayer | Synchronizing object | Backboard edge.004
Fra:1 Mem:57.02M (Peak 62.99M) | Time:00:00.02 | Mem:0.00M, Peak:0.00M | Scene, ViewLayer | Synchronizing object | Backboard edge.005
Fra:1 Mem:57.04M (Peak 62.99M) | Time:00:00.02 | Mem:0.00M, Peak:0.00M | Scene, ViewLayer | Synchronizing object | Backboard edge.006
Fra:1 Mem:57.06M (Peak 62.99M) | Time:00:00.02 | Mem:0.00M, Peak:0.00M | Scene, ViewLayer | Synchronizing object | Backboard.003
Fra:1 Mem:57.07M (Peak 62.99M) | Time:00:00.02 | Mem:0.00M, Peak:0.00M | Scene, ViewLayer | Synchronizing object | Backboard edge.007
Fra:1 Mem:57.12M (Peak 62.99M) | Time:00:00.02 | Mem:0.00M, Peak:0.00M | Scene, ViewLayer | Synchronizing object | Backboard.004
Fra:1 Mem:57.12M (Peak 62.99M) | Time:00:00.02 | Mem:0.00M, Peak:0.00M | Scene, ViewLayer | Synchronizing object | Backboard edge.008
Fra:1 Mem:57.18M (Peak 62.99M) | Time:00:00.02 | Mem:0.00M, Peak:0.00M | Scene, ViewLayer | Synchronizing object | Backboard edge.009
Fra:1 Mem:57.21M (Peak 62.99M) | Time:00:00.02 | Mem:0.00M, Peak:0.00M | Scene, ViewLayer | Synchronizing object | Backboard.005
Fra:1 Mem:57.21M (Peak 62.99M) | Time:00:00.02 | Mem:0.00M, Peak:0.00M | Scene, ViewLayer | Synchronizing object | Backboard edge.010
Fra:1 Mem:57.26M (Peak 62.99M) | Time:00:00.02 | Mem:0.00M, Peak:0.00M | Scene, ViewLayer | Synchronizing object | Backboard edge.011
Fra:1 Mem:57.29M (Peak 62.99M) | Time:00:00.02 | Mem:0.00M, Peak:0.00M | Scene, ViewLayer | Synchronizing object | Backboard edge.012
Fra:1 Mem:57.29M (Peak 62.99M) | Time:00:00.02 | Mem:0.00M, Peak:0.00M | Scene, ViewLayer | Synchronizing object | Backboard.006
Fra:1 Mem:57.34M (Peak 62.99M) | Time:00:00.02 | Mem:0.00M, Peak:0.00M | Scene, ViewLayer | Synchronizing object | Backboard edge.013
Fra:1 Mem:57.36M (Peak 62.99M) | Time:00:00.02 | Mem:0.00M, Peak:0.00M | Scene, ViewLayer | Synchronizing object | Backboard.007
Fra:1 Mem:57.36M (Peak 62.99M) | Time:00:00.02 | Mem:0.00M, Peak:0.00M | Scene, ViewLayer | Synchronizing object | Backboard edge.014
Fra:1 Mem:57.42M (Peak 62.99M) | Time:00:00.02 | Mem:0.00M, Peak:0.00M | Scene, ViewLayer | Synchronizing object | Backboard edge.015
Fra:1 Mem:57.44M (Peak 62.99M) | Time:00:00.02 | Mem:0.00M, Peak:0.00M | Scene, ViewLayer | Synchronizing object | Backboard.008
Fra:1 Mem:57.44M (Peak 62.99M) | Time:00:00.02 | Mem:0.00M, Peak:0.00M | Scene, ViewLayer | Synchronizing object | Backboard edge.016
Fra:1 Mem:57.50M (Peak 62.99M) | Time:00:00.02 | Mem:0.00M, Peak:0.00M | Scene, ViewLayer | Synchronizing object | Backboard edge.017
Fra:1 Mem:57.52M (Peak 62.99M) | Time:00:00.02 | Mem:0.00M, Peak:0.00M | Scene, ViewLayer | Synchronizing object | Backboard edge.018
Fra:1 Mem:57.52M (Peak 62.99M) | Time:00:00.02 | Mem:0.00M, Peak:0.00M | Scene, ViewLayer | Synchronizing object | Backboard.009
Fra:1 Mem:57.58M (Peak 62.99M) | Time:00:00.02 | Mem:0.00M, Peak:0.00M | Scene, ViewLayer | Synchronizing object | Backboard edge.019
Fra:1 Mem:57.60M (Peak 62.99M) | Time:00:00.02 | Mem:0.00M, Peak:0.00M | Scene, ViewLayer | Synchronizing object | Top frame
Fra:1 Mem:57.60M (Peak 62.99M) | Time:00:00.02 | Mem:0.00M, Peak:0.00M | Scene, ViewLayer | Synchronizing object | Top frame edge
Fra:1 Mem:57.65M (Peak 62.99M) | Time:00:00.02 | Mem:0.00M, Peak:0.00M | Scene, ViewLayer | Synchronizing object | Top frame edge.001
Fra:1 Mem:57.68M (Peak 62.99M) | Time:00:00.02 | Mem:0.00M, Peak:0.00M | Scene, ViewLayer | Synchronizing object | Bottom frame
Fra:1 Mem:57.68M (Peak 62.99M) | Time:00:00.02 | Mem:0.00M, Peak:0.00M | Scene, ViewLayer | Synchronizing object | Bottom frame edge
Fra:1 Mem:57.73M (Peak 62.99M) | Time:00:00.02 | Mem:0.00M, Peak:0.00M | Scene, ViewLayer | Synchronizing object | Bottom frame edge.001
Fra:1 Mem:57.75M (Peak 62.99M) | Time:00:00.02 | Mem:0.00M, Peak:0.00M | Scene, ViewLayer | Synchronizing object | Left frame
Fra:1 Mem:57.75M (Peak 62.99M) | Time:00:00.02 | Mem:0.00M, Peak:0.00M | Scene, ViewLayer | Synchronizing object | Left frame edge
Fra:1 Mem:57.81M (Peak 62.99M) | Time:00:00.02 | Mem:0.00M, Peak:0.00M | Scene, ViewLayer | Synchronizing object | Left frame edge.001
Fra:1 Mem:57.83M (Peak 62.99M) | Time:00:00.02 | Mem:0.00M, Peak:0.00M | Scene, ViewLayer | Synchronizing object | Right frame
Fra:1 Mem:57.83M (Peak 62.99M) | Time:00:00.02 | Mem:0.00M, Peak:0.00M | Scene, ViewLayer | Synchronizing object | Right frame edge
Fra:1 Mem:57.89M (Peak 62.99M) | Time:00:00.02 | Mem:0.00M, Peak:0.00M | Scene, ViewLayer | Synchronizing object | Right frame edge.001
Fra:1 Mem:57.91M (Peak 62.99M) | Time:00:00.02 | Mem:0.00M, Peak:0.00M | Scene, ViewLayer | Synchronizing object | Middle rail
Fra:1 Mem:57.91M (Peak 62.99M) | Time:00:00.02 | Mem:0.00M, Peak:0.00M | Scene, ViewLayer | Synchronizing object | Middle rail edge
Fra:1 Mem:57.97M (Peak 62.99M) | Time:00:00.02 | Mem:0.00M, Peak:0.00M | Scene, ViewLayer | Synchronizing object | Middle rail edge.001
Fra:1 Mem:57.99M (Peak 62.99M) | Time:00:00.02 | Mem:0.00M, Peak:0.00M | Scene, ViewLayer | Synchronizing object | Wand shelf edge
Fra:1 Mem:57.99M (Peak 62.99M) | Time:00:00.02 | Mem:0.00M, Peak:0.00M | Scene, ViewLayer | Synchronizing object | Wand shelf
Fra:1 Mem:58.04M (Peak 62.99M) | Time:00:00.02 | Mem:0.00M, Peak:0.00M | Scene, ViewLayer | Synchronizing object | Wand shelf edge.001
Fra:1 Mem:58.07M (Peak 62.99M) | Time:00:00.02 | Mem:0.00M, Peak:0.00M | Scene, ViewLayer | Synchronizing object | Iron corner plate
Fra:1 Mem:58.07M (Peak 62.99M) | Time:00:00.02 | Mem:0.00M, Peak:0.00M | Scene, ViewLayer | Synchronizing object | Sphere
Fra:1 Mem:58.07M (Peak 62.99M) | Time:00:00.02 | Mem:0.00M, Peak:0.00M | Scene, ViewLayer | Synchronizing object | Sphere.001
Fra:1 Mem:58.08M (Peak 62.99M) | Time:00:00.02 | Mem:0.00M, Peak:0.00M | Scene, ViewLayer | Synchronizing object | Sphere.004
Fra:1 Mem:58.08M (Peak 62.99M) | Time:00:00.02 | Mem:0.00M, Peak:0.00M | Scene, ViewLayer | Synchronizing object | Sphere.005
Fra:1 Mem:58.08M (Peak 62.99M) | Time:00:00.02 | Mem:0.00M, Peak:0.00M | Scene, ViewLayer | Synchronizing object | Sphere.006
Fra:1 Mem:58.08M (Peak 62.99M) | Time:00:00.02 | Mem:0.00M, Peak:0.00M | Scene, ViewLayer | Synchronizing object | Sphere.007
Fra:1 Mem:58.09M (Peak 62.99M) | Time:00:00.02 | Mem:0.00M, Peak:0.00M | Scene, ViewLayer | Synchronizing object | TagAcquire cut edge
Fra:1 Mem:58.14M (Peak 62.99M) | Time:00:00.02 | Mem:0.00M, Peak:0.00M | Scene, ViewLayer | Synchronizing object | TagArmor
Fra:1 Mem:58.14M (Peak 62.99M) | Time:00:00.02 | Mem:0.00M, Peak:0.00M | Scene, ViewLayer | Synchronizing object | TagArmor cut edge
Fra:1 Mem:58.37M (Peak 62.99M) | Time:00:00.02 | Mem:0.00M, Peak:0.00M | Scene, ViewLayer | Synchronizing object | OneWand
Fra:1 Mem:58.37M (Peak 62.99M) | Time:00:00.02 | Mem:0.00M, Peak:0.00M | Scene, ViewLayer | Synchronizing object | Inlay socket
Fra:1 Mem:58.47M (Peak 62.99M) | Time:00:00.02 | Mem:0.00M, Peak:0.00M | Scene, ViewLayer | Synchronizing object | Inlay socket.001
Fra:1 Mem:58.52M (Peak 62.99M) | Time:00:00.02 | Mem:0.00M, Peak:0.00M | Scene, ViewLayer | Synchronizing object | Inlay highlight
Fra:1 Mem:58.52M (Peak 62.99M) | Time:00:00.02 | Mem:0.00M, Peak:0.00M | Scene, ViewLayer | Synchronizing object | MapPaper cut edge
Fra:1 Mem:58.56M (Peak 62.99M) | Time:00:00.02 | Mem:0.00M, Peak:0.00M | Scene, ViewLayer | Synchronizing object | MapPaper
Fra:1 Mem:58.56M (Peak 62.99M) | Time:00:00.02 | Mem:0.00M, Peak:0.00M | Scene, ViewLayer | Synchronizing object | Door
Fra:1 Mem:58.56M (Peak 62.99M) | Time:00:00.02 | Mem:0.00M, Peak:0.00M | Scene, ViewLayer | Synchronizing object | Finial
Fra:1 Mem:58.60M (Peak 62.99M) | Time:00:00.02 | Mem:0.00M, Peak:0.00M | Scene, ViewLayer | Synchronizing object | TowerRoof
Fra:1 Mem:58.66M (Peak 62.99M) | Time:00:00.02 | Mem:0.00M, Peak:0.00M | Scene, ViewLayer | Synchronizing object | Key
Fra:1 Mem:58.66M (Peak 62.99M) | Time:00:00.02 | Mem:0.00M, Peak:0.00M | Scene, ViewLayer | Synchronizing object | R2 lining behind existing wand
Fra:1 Mem:58.67M (Peak 62.99M) | Time:00:00.02 | Mem:0.00M, Peak:0.00M | Scene, ViewLayer | Synchronizing object | R2 tag tied cord loop
Fra:1 Mem:58.72M (Peak 62.99M) | Time:00:00.02 | Mem:0.00M, Peak:0.00M | Scene, ViewLayer | Synchronizing object | R2 tag cord short tail
Fra:1 Mem:58.73M (Peak 62.99M) | Time:00:00.02 | Mem:0.00M, Peak:0.00M | Scene, ViewLayer | Synchronizing object | R2 existing tag peg head
Fra:1 Mem:58.73M (Peak 62.99M) | Time:00:00.02 | Mem:0.00M, Peak:0.00M | Scene, ViewLayer | Synchronizing object | R2 tag tied cord loop.001
Fra:1 Mem:58.77M (Peak 62.99M) | Time:00:00.02 | Mem:0.00M, Peak:0.00M | Scene, ViewLayer | Synchronizing object | R2 tag cord short tail.001
Fra:1 Mem:58.78M (Peak 62.99M) | Time:00:00.02 | Mem:0.00M, Peak:0.00M | Scene, ViewLayer | Synchronizing object | R2 shaft ink fissure
Fra:1 Mem:58.79M (Peak 62.99M) | Time:00:00.02 | Mem:0.00M, Peak:0.00M | Scene, ViewLayer | Synchronizing object | R2 existing tag peg head.001
Fra:1 Mem:58.87M (Peak 62.99M) | Time:00:00.02 | Mem:0.00M, Peak:0.00M | Scene, ViewLayer | Synchronizing object | R2 shaft ink fissure.001
Fra:1 Mem:58.96M (Peak 62.99M) | Time:00:00.02 | Mem:0.00M, Peak:0.00M | Scene, ViewLayer | Synchronizing object | R2 shaft ink fissure.002
Fra:1 Mem:59.05M (Peak 62.99M) | Time:00:00.02 | Mem:0.00M, Peak:0.00M | Scene, ViewLayer | Synchronizing object | R2 exposed warm grey bark ridge
Fra:1 Mem:59.09M (Peak 62.99M) | Time:00:00.02 | Mem:0.00M, Peak:0.00M | Scene, ViewLayer | Synchronizing object | R2 exposed warm grey bark ridge.001
Fra:1 Mem:59.13M (Peak 62.99M) | Time:00:00.02 | Mem:0.00M, Peak:0.00M | Scene, ViewLayer | Synchronizing object | R2 exposed warm grey bark ridge.002
Fra:1 Mem:59.18M (Peak 62.99M) | Time:00:00.02 | Mem:0.00M, Peak:0.00M | Scene, ViewLayer | Synchronizing object | R2 wandering bark root
Fra:1 Mem:59.27M (Peak 62.99M) | Time:00:00.02 | Mem:0.00M, Peak:0.00M | Scene, ViewLayer | Synchronizing object | R2 wandering bark root.001
Fra:1 Mem:59.36M (Peak 62.99M) | Time:00:00.02 | Mem:0.00M, Peak:0.00M | Scene, ViewLayer | Synchronizing object | R2 knot heart ring
Fra:1 Mem:59.36M (Peak 62.99M) | Time:00:00.02 | Mem:0.00M, Peak:0.00M | Scene, ViewLayer | Synchronizing object | R2 grown branch knot
Fra:1 Mem:59.41M (Peak 62.99M) | Time:00:00.02 | Mem:0.00M, Peak:0.00M | Scene, ViewLayer | Synchronizing object | R2 knot heart ring.001
Fra:1 Mem:59.45M (Peak 62.99M) | Time:00:00.02 | Mem:0.00M, Peak:0.00M | Scene, ViewLayer | Synchronizing object | R2 knot heart ring.002
Fra:1 Mem:59.46M (Peak 62.99M) | Time:00:00.02 | Mem:0.00M, Peak:0.00M | Scene, ViewLayer | Synchronizing object | R2 grown branch knot.001
Fra:1 Mem:59.50M (Peak 62.99M) | Time:00:00.02 | Mem:0.00M, Peak:0.00M | Scene, ViewLayer | Synchronizing object | R2 knot heart ring.003
Fra:1 Mem:59.54M (Peak 62.99M) | Time:00:00.02 | Mem:0.00M, Peak:0.00M | Scene, ViewLayer | Synchronizing object | R2 worn copper grip band
Fra:1 Mem:59.58M (Peak 62.99M) | Time:00:00.02 | Mem:0.00M, Peak:0.00M | Scene, ViewLayer | Synchronizing object | R2 worn copper grip band.001
Fra:1 Mem:59.62M (Peak 62.99M) | Time:00:00.02 | Mem:0.00M, Peak:0.00M | Scene, ViewLayer | Synchronizing object | R2 worn copper grip band.002
Fra:1 Mem:59.65M (Peak 62.99M) | Time:00:00.02 | Mem:0.00M, Peak:0.00M | Scene, ViewLayer | Synchronizing object | R2 worn copper grip band.003
Fra:1 Mem:59.69M (Peak 62.99M) | Time:00:00.02 | Mem:0.00M, Peak:0.00M | Scene, ViewLayer | Synchronizing object | R2 worn copper grip band.004
Fra:1 Mem:59.73M (Peak 62.99M) | Time:00:00.02 | Mem:0.00M, Peak:0.00M | Scene, ViewLayer | Synchronizing object | R2 worn copper grip band.005
Fra:1 Mem:59.76M (Peak 62.99M) | Time:00:00.02 | Mem:0.00M, Peak:0.00M | Scene, ViewLayer | Synchronizing object | R2 worn copper grip band.006
Fra:1 Mem:59.80M (Peak 62.99M) | Time:00:00.02 | Mem:0.00M, Peak:0.00M | Scene, ViewLayer | Synchronizing object | R2 worn copper grip band.007
Fra:1 Mem:59.84M (Peak 62.99M) | Time:00:00.02 | Mem:0.00M, Peak:0.00M | Scene, ViewLayer | Synchronizing object | R2 worn copper grip band.008
Fra:1 Mem:59.88M (Peak 62.99M) | Time:00:00.02 | Mem:0.00M, Peak:0.00M | Scene, ViewLayer | Synchronizing object | R2 root prong around fixed inlay
Fra:1 Mem:59.91M (Peak 62.99M) | Time:00:00.02 | Mem:0.00M, Peak:0.00M | Scene, ViewLayer | Synchronizing object | R2 root prong around fixed inlay.001
Fra:1 Mem:59.95M (Peak 62.99M) | Time:00:00.02 | Mem:0.00M, Peak:0.00M | Scene, ViewLayer | Synchronizing object | R2 root prong around fixed inlay.002
Fra:1 Mem:59.98M (Peak 62.99M) | Time:00:00.02 | Mem:0.00M, Peak:0.00M | Scene, ViewLayer | Synchronizing object | R2 root prong around fixed inlay.003
Fra:1 Mem:60.02M (Peak 62.99M) | Time:00:00.02 | Mem:0.00M, Peak:0.00M | Scene, ViewLayer | Synchronizing object | R2 door jamb stone
Fra:1 Mem:60.02M (Peak 62.99M) | Time:00:00.02 | Mem:0.00M, Peak:0.00M | Scene, ViewLayer | Synchronizing object | R2 door jamb stone.001
Fra:1 Mem:60.02M (Peak 62.99M) | Time:00:00.02 | Mem:0.00M, Peak:0.00M | Scene, ViewLayer | Synchronizing object | R2 door jamb stone.004
Fra:1 Mem:60.03M (Peak 62.99M) | Time:00:00.02 | Mem:0.00M, Peak:0.00M | Scene, ViewLayer | Synchronizing object | R2 door jamb stone.005
Fra:1 Mem:60.03M (Peak 62.99M) | Time:00:00.02 | Mem:0.00M, Peak:0.00M | Scene, ViewLayer | Synchronizing object | R2 arch voussoir.003
Fra:1 Mem:60.03M (Peak 62.99M) | Time:00:00.02 | Mem:0.00M, Peak:0.00M | Scene, ViewLayer | Synchronizing object | R2 arch voussoir.004
Fra:1 Mem:60.03M (Peak 62.99M) | Time:00:00.02 | Mem:0.00M, Peak:0.00M | Scene, ViewLayer | Synchronizing object | R2 arch voussoir.006
Fra:1 Mem:60.04M (Peak 62.99M) | Time:00:00.02 | Mem:0.00M, Peak:0.00M | Scene, ViewLayer | Synchronizing object | R2 door timber slit
Fra:1 Mem:60.05M (Peak 62.99M) | Time:00:00.02 | Mem:0.00M, Peak:0.00M | Scene, ViewLayer | Synchronizing object | R2 door timber slit.001
Fra:1 Mem:60.05M (Peak 62.99M) | Time:00:00.02 | Mem:0.00M, Peak:0.00M | Scene, ViewLayer | Synchronizing object | R2 door timber slit.002
Fra:1 Mem:60.06M (Peak 62.99M) | Time:00:00.02 | Mem:0.00M, Peak:0.00M | Scene, ViewLayer | Synchronizing object | R2 doorway threshold
Fra:1 Mem:60.06M (Peak 62.99M) | Time:00:00.02 | Mem:0.00M, Peak:0.00M | Scene, ViewLayer | Synchronizing object | R2 front staggered masonry
Fra:1 Mem:60.06M (Peak 62.99M) | Time:00:00.02 | Mem:0.00M, Peak:0.00M | Scene, ViewLayer | Synchronizing object | R2 side staggered masonry
Fra:1 Mem:60.06M (Peak 62.99M) | Time:00:00.02 | Mem:0.00M, Peak:0.00M | Scene, ViewLayer | Synchronizing object | R2 side staggered masonry.001
Fra:1 Mem:60.06M (Peak 62.99M) | Time:00:00.02 | Mem:0.00M, Peak:0.00M | Scene, ViewLayer | Synchronizing object | R2 side staggered masonry.003
Fra:1 Mem:60.08M (Peak 62.99M) | Time:00:00.02 | Mem:0.00M, Peak:0.00M | Scene, ViewLayer | Synchronizing object | R2 front staggered masonry.002
Fra:1 Mem:60.08M (Peak 62.99M) | Time:00:00.02 | Mem:0.00M, Peak:0.00M | Scene, ViewLayer | Synchronizing object | R2 side staggered masonry.006
Fra:1 Mem:60.09M (Peak 62.99M) | Time:00:00.02 | Mem:0.00M, Peak:0.00M | Scene, ViewLayer | Synchronizing object | R2 front staggered masonry.004
Fra:1 Mem:60.09M (Peak 62.99M) | Time:00:00.02 | Mem:0.00M, Peak:0.00M | Scene, ViewLayer | Synchronizing object | R2 side staggered masonry.008
Fra:1 Mem:60.09M (Peak 62.99M) | Time:00:00.02 | Mem:0.00M, Peak:0.00M | Scene, ViewLayer | Synchronizing object | R2 side staggered masonry.009
Fra:1 Mem:60.10M (Peak 62.99M) | Time:00:00.02 | Mem:0.00M, Peak:0.00M | Scene, ViewLayer | Synchronizing object | R2 side staggered masonry.011
Fra:1 Mem:60.10M (Peak 62.99M) | Time:00:00.02 | Mem:0.00M, Peak:0.00M | Scene, ViewLayer | Synchronizing object | R2 front staggered masonry.007
Fra:1 Mem:60.11M (Peak 62.99M) | Time:00:00.02 | Mem:0.00M, Peak:0.00M | Scene, ViewLayer | Synchronizing object | R2 side staggered masonry.013
Fra:1 Mem:60.11M (Peak 62.99M) | Time:00:00.02 | Mem:0.00M, Peak:0.00M | Scene, ViewLayer | Synchronizing object | R2 side staggered masonry.014
Fra:1 Mem:60.12M (Peak 62.99M) | Time:00:00.02 | Mem:0.00M, Peak:0.00M | Scene, ViewLayer | Synchronizing object | R2 front staggered masonry.010
Fra:1 Mem:60.12M (Peak 62.99M) | Time:00:00.02 | Mem:0.00M, Peak:0.00M | Scene, ViewLayer | Synchronizing object | R2 front staggered masonry.012
Fra:1 Mem:60.12M (Peak 62.99M) | Time:00:00.02 | Mem:0.00M, Peak:0.00M | Scene, ViewLayer | Synchronizing object | R2 side staggered masonry.018
Fra:1 Mem:60.13M (Peak 62.99M) | Time:00:00.02 | Mem:0.00M, Peak:0.00M | Scene, ViewLayer | Synchronizing object | R2 side staggered masonry.019
Fra:1 Mem:60.13M (Peak 62.99M) | Time:00:00.02 | Mem:0.00M, Peak:0.00M | Scene, ViewLayer | Synchronizing object | R2 narrow tower window
Fra:1 Mem:60.19M (Peak 62.99M) | Time:00:00.02 | Mem:0.00M, Peak:0.00M | Scene, ViewLayer | Synchronizing object | R2 window lower sill.001
Fra:1 Mem:60.19M (Peak 62.99M) | Time:00:00.02 | Mem:0.00M, Peak:0.00M | Scene, ViewLayer | Synchronizing object | R2 narrow tower window.001
Fra:1 Mem:60.19M (Peak 62.99M) | Time:00:00.02 | Mem:0.00M, Peak:0.00M | Scene, ViewLayer | Synchronizing object | R2 side slit window
Fra:1 Mem:60.19M (Peak 62.99M) | Time:00:00.02 | Mem:0.00M, Peak:0.00M | Scene, ViewLayer | Synchronizing object | R2 stepped corner buttress
Fra:1 Mem:60.19M (Peak 62.99M) | Time:00:00.02 | Mem:0.00M, Peak:0.00M | Scene, ViewLayer | Synchronizing object | R2 stepped corner buttress.003
Fra:1 Mem:60.19M (Peak 62.99M) | Time:00:00.02 | Mem:0.00M, Peak:0.00M | Scene, ViewLayer | Synchronizing object | R2 stepped corner buttress.005
Fra:1 Mem:60.20M (Peak 62.99M) | Time:00:00.02 | Mem:0.00M, Peak:0.00M | Scene, ViewLayer | Synchronizing object | R2 stepped corner buttress.007
Fra:1 Mem:60.20M (Peak 62.99M) | Time:00:00.02 | Mem:0.00M, Peak:0.00M | Scene, ViewLayer | Synchronizing object | R2 fitted slate tile
Fra:1 Mem:60.21M (Peak 62.99M) | Time:00:00.02 | Mem:0.00M, Peak:0.00M | Scene, ViewLayer | Synchronizing object | R2 slate lower lip
Fra:1 Mem:60.23M (Peak 62.99M) | Time:00:00.02 | Mem:0.00M, Peak:0.00M | Scene, ViewLayer | Synchronizing object | R2 fitted slate tile.001
Fra:1 Mem:60.23M (Peak 62.99M) | Time:00:00.02 | Mem:0.00M, Peak:0.00M | Scene, ViewLayer | Synchronizing object | R2 slate lower lip.001
Fra:1 Mem:60.23M (Peak 62.99M) | Time:00:00.02 | Mem:0.00M, Peak:0.00M | Scene, ViewLayer | Synchronizing object | R2 fitted slate tile.002
Fra:1 Mem:60.23M (Peak 62.99M) | Time:00:00.02 | Mem:0.00M, Peak:0.00M | Scene, ViewLayer | Synchronizing object | R2 slate lower lip.002
Fra:1 Mem:60.23M (Peak 62.99M) | Time:00:00.02 | Mem:0.00M, Peak:0.00M | Scene, ViewLayer | Synchronizing object | R2 slate lower lip.003
Fra:1 Mem:60.23M (Peak 62.99M) | Time:00:00.02 | Mem:0.00M, Peak:0.00M | Scene, ViewLayer | Synchronizing object | R2 fitted slate tile.003
Fra:1 Mem:60.23M (Peak 62.99M) | Time:00:00.02 | Mem:0.00M, Peak:0.00M | Scene, ViewLayer | Synchronizing object | R2 fitted slate tile.004
Fra:1 Mem:60.23M (Peak 62.99M) | Time:00:00.02 | Mem:0.00M, Peak:0.00M | Scene, ViewLayer | Synchronizing object | R2 slate lower lip.004
Fra:1 Mem:60.24M (Peak 62.99M) | Time:00:00.02 | Mem:0.00M, Peak:0.00M | Scene, ViewLayer | Synchronizing object | R2 fitted slate tile.005
Fra:1 Mem:60.24M (Peak 62.99M) | Time:00:00.02 | Mem:0.00M, Peak:0.00M | Scene, ViewLayer | Synchronizing object | R2 slate lower lip.005
Fra:1 Mem:60.24M (Peak 62.99M) | Time:00:00.02 | Mem:0.00M, Peak:0.00M | Scene, ViewLayer | Synchronizing object | R2 fitted slate tile.006
Fra:1 Mem:60.24M (Peak 62.99M) | Time:00:00.02 | Mem:0.00M, Peak:0.00M | Scene, ViewLayer | Synchronizing object | R2 slate lower lip.006
Fra:1 Mem:60.24M (Peak 62.99M) | Time:00:00.02 | Mem:0.00M, Peak:0.00M | Scene, ViewLayer | Synchronizing object | R2 roof row seam
Fra:1 Mem:60.26M (Peak 62.99M) | Time:00:00.02 | Mem:0.00M, Peak:0.00M | Scene, ViewLayer | Synchronizing object | R2 slate lower lip.007
Fra:1 Mem:60.26M (Peak 62.99M) | Time:00:00.02 | Mem:0.00M, Peak:0.00M | Scene, ViewLayer | Synchronizing object | R2 fitted slate tile.007
Fra:1 Mem:60.26M (Peak 62.99M) | Time:00:00.02 | Mem:0.00M, Peak:0.00M | Scene, ViewLayer | Synchronizing object | R2 fitted slate tile.008
Fra:1 Mem:60.27M (Peak 62.99M) | Time:00:00.02 | Mem:0.00M, Peak:0.00M | Scene, ViewLayer | Synchronizing object | R2 slate lower lip.008
Fra:1 Mem:60.27M (Peak 62.99M) | Time:00:00.02 | Mem:0.00M, Peak:0.00M | Scene, ViewLayer | Synchronizing object | R2 slate lower lip.009
Fra:1 Mem:60.27M (Peak 62.99M) | Time:00:00.02 | Mem:0.00M, Peak:0.00M | Scene, ViewLayer | Synchronizing object | R2 fitted slate tile.009
Fra:1 Mem:60.27M (Peak 62.99M) | Time:00:00.02 | Mem:0.00M, Peak:0.00M | Scene, ViewLayer | Synchronizing object | R2 fitted slate tile.010
Fra:1 Mem:60.27M (Peak 62.99M) | Time:00:00.02 | Mem:0.00M, Peak:0.00M | Scene, ViewLayer | Synchronizing object | R2 slate lower lip.010
Fra:1 Mem:60.27M (Peak 62.99M) | Time:00:00.02 | Mem:0.00M, Peak:0.00M | Scene, ViewLayer | Synchronizing object | R2 fitted slate tile.011
Fra:1 Mem:60.27M (Peak 62.99M) | Time:00:00.02 | Mem:0.00M, Peak:0.00M | Scene, ViewLayer | Synchronizing object | R2 slate lower lip.011
Fra:1 Mem:60.28M (Peak 62.99M) | Time:00:00.02 | Mem:0.00M, Peak:0.00M | Scene, ViewLayer | Synchronizing object | R2 slate lower lip.012
Fra:1 Mem:60.28M (Peak 62.99M) | Time:00:00.02 | Mem:0.00M, Peak:0.00M | Scene, ViewLayer | Synchronizing object | R2 fitted slate tile.012
Fra:1 Mem:60.28M (Peak 62.99M) | Time:00:00.02 | Mem:0.00M, Peak:0.00M | Scene, ViewLayer | Synchronizing object | R2 roof row seam.001
Fra:1 Mem:60.30M (Peak 62.99M) | Time:00:00.02 | Mem:0.00M, Peak:0.00M | Scene, ViewLayer | Synchronizing object | R2 fitted slate tile.013
Fra:1 Mem:60.30M (Peak 62.99M) | Time:00:00.02 | Mem:0.00M, Peak:0.00M | Scene, ViewLayer | Synchronizing object | R2 slate lower lip.013
Fra:1 Mem:60.30M (Peak 62.99M) | Time:00:00.03 | Mem:0.00M, Peak:0.00M | Scene, ViewLayer | Synchronizing object | R2 slate lower lip.014
Fra:1 Mem:60.30M (Peak 62.99M) | Time:00:00.03 | Mem:0.00M, Peak:0.00M | Scene, ViewLayer | Synchronizing object | R2 fitted slate tile.014
Fra:1 Mem:60.31M (Peak 62.99M) | Time:00:00.03 | Mem:0.00M, Peak:0.00M | Scene, ViewLayer | Synchronizing object | R2 fitted slate tile.015
Fra:1 Mem:60.31M (Peak 62.99M) | Time:00:00.03 | Mem:0.00M, Peak:0.00M | Scene, ViewLayer | Synchronizing object | R2 slate lower lip.015
Fra:1 Mem:60.31M (Peak 62.99M) | Time:00:00.03 | Mem:0.00M, Peak:0.00M | Scene, ViewLayer | Synchronizing object | R2 fitted slate tile.016
Fra:1 Mem:60.31M (Peak 62.99M) | Time:00:00.03 | Mem:0.00M, Peak:0.00M | Scene, ViewLayer | Synchronizing object | R2 slate lower lip.016
Fra:1 Mem:60.31M (Peak 62.99M) | Time:00:00.03 | Mem:0.00M, Peak:0.00M | Scene, ViewLayer | Synchronizing object | R2 fitted slate tile.017
Fra:1 Mem:60.31M (Peak 62.99M) | Time:00:00.03 | Mem:0.00M, Peak:0.00M | Scene, ViewLayer | Synchronizing object | R2 slate lower lip.017
Fra:1 Mem:60.31M (Peak 62.99M) | Time:00:00.03 | Mem:0.00M, Peak:0.00M | Scene, ViewLayer | Synchronizing object | R2 roof row seam.002
Fra:1 Mem:60.33M (Peak 62.99M) | Time:00:00.03 | Mem:0.00M, Peak:0.00M | Scene, ViewLayer | Synchronizing object | R2 fitted slate tile.018
Fra:1 Mem:60.33M (Peak 62.99M) | Time:00:00.03 | Mem:0.00M, Peak:0.00M | Scene, ViewLayer | Synchronizing object | R2 slate lower lip.018
Fra:1 Mem:60.34M (Peak 62.99M) | Time:00:00.03 | Mem:0.00M, Peak:0.00M | Scene, ViewLayer | Synchronizing object | R2 fitted slate tile.019
Fra:1 Mem:60.34M (Peak 62.99M) | Time:00:00.03 | Mem:0.00M, Peak:0.00M | Scene, ViewLayer | Synchronizing object | R2 slate lower lip.019
Fra:1 Mem:60.34M (Peak 62.99M) | Time:00:00.03 | Mem:0.00M, Peak:0.00M | Scene, ViewLayer | Synchronizing object | R2 fitted slate tile.020
Fra:1 Mem:60.34M (Peak 62.99M) | Time:00:00.03 | Mem:0.00M, Peak:0.00M | Scene, ViewLayer | Synchronizing object | R2 slate lower lip.020
Fra:1 Mem:60.34M (Peak 62.99M) | Time:00:00.03 | Mem:0.00M, Peak:0.00M | Scene, ViewLayer | Synchronizing object | R2 fitted slate tile.021
Fra:1 Mem:60.34M (Peak 62.99M) | Time:00:00.03 | Mem:0.00M, Peak:0.00M | Scene, ViewLayer | Synchronizing object | R2 slate lower lip.021
Fra:1 Mem:60.34M (Peak 62.99M) | Time:00:00.03 | Mem:0.00M, Peak:0.00M | Scene, ViewLayer | Synchronizing object | R2 roof row seam.003
Fra:1 Mem:60.36M (Peak 62.99M) | Time:00:00.03 | Mem:0.00M, Peak:0.00M | Scene, ViewLayer | Synchronizing object | R2 slate lower lip.022
Fra:1 Mem:60.36M (Peak 62.99M) | Time:00:00.03 | Mem:0.00M, Peak:0.00M | Scene, ViewLayer | Synchronizing object | R2 fitted slate tile.022
Fra:1 Mem:60.37M (Peak 62.99M) | Time:00:00.03 | Mem:0.00M, Peak:0.00M | Scene, ViewLayer | Synchronizing object | R2 fitted slate tile.023
Fra:1 Mem:60.37M (Peak 62.99M) | Time:00:00.03 | Mem:0.00M, Peak:0.00M | Scene, ViewLayer | Synchronizing object | R2 slate lower lip.023
Fra:1 Mem:60.37M (Peak 62.99M) | Time:00:00.03 | Mem:0.00M, Peak:0.00M | Scene, ViewLayer | Synchronizing object | R2 fitted slate tile.024
Fra:1 Mem:60.37M (Peak 62.99M) | Time:00:00.03 | Mem:0.00M, Peak:0.00M | Scene, ViewLayer | Synchronizing object | R2 slate lower lip.024
Fra:1 Mem:60.37M (Peak 62.99M) | Time:00:00.03 | Mem:0.00M, Peak:0.00M | Scene, ViewLayer | Synchronizing object | R2 roof row seam.004
Fra:1 Mem:60.39M (Peak 62.99M) | Time:00:00.03 | Mem:0.00M, Peak:0.00M | Scene, ViewLayer | Synchronizing object | R2 slate lower lip.025
Fra:1 Mem:60.39M (Peak 62.99M) | Time:00:00.03 | Mem:0.00M, Peak:0.00M | Scene, ViewLayer | Synchronizing object | R2 fitted slate tile.025
Fra:1 Mem:60.39M (Peak 62.99M) | Time:00:00.03 | Mem:0.00M, Peak:0.00M | Scene, ViewLayer | Synchronizing object | R2 fitted slate tile.026
Fra:1 Mem:60.39M (Peak 62.99M) | Time:00:00.03 | Mem:0.00M, Peak:0.00M | Scene, ViewLayer | Synchronizing object | R2 slate lower lip.026
Fra:1 Mem:60.40M (Peak 62.99M) | Time:00:00.03 | Mem:0.00M, Peak:0.00M | Scene, ViewLayer | Synchronizing object | R2 roof row seam.005
Fra:1 Mem:60.41M (Peak 62.99M) | Time:00:00.03 | Mem:0.00M, Peak:0.00M | Scene, ViewLayer | Synchronizing object | R2 slate lower lip.027
Fra:1 Mem:60.42M (Peak 62.99M) | Time:00:00.03 | Mem:0.00M, Peak:0.00M | Scene, ViewLayer | Synchronizing object | R2 fitted slate tile.027
Fra:1 Mem:60.42M (Peak 62.99M) | Time:00:00.03 | Mem:0.00M, Peak:0.00M | Scene, ViewLayer | Synchronizing object | R2 fitted slate tile.028
Fra:1 Mem:60.42M (Peak 62.99M) | Time:00:00.03 | Mem:0.00M, Peak:0.00M | Scene, ViewLayer | Synchronizing object | R2 slate lower lip.028
Fra:1 Mem:60.42M (Peak 62.99M) | Time:00:00.03 | Mem:0.00M, Peak:0.00M | Scene, ViewLayer | Synchronizing object | R2 roof row seam.006
Fra:1 Mem:60.44M (Peak 62.99M) | Time:00:00.03 | Mem:0.00M, Peak:0.00M | Scene, ViewLayer | Synchronizing object | R2 roof hip seam
Fra:1 Mem:60.46M (Peak 62.99M) | Time:00:00.03 | Mem:0.00M, Peak:0.00M | Scene, ViewLayer | Synchronizing object | R2 roof hip seam.001
Fra:1 Mem:60.48M (Peak 62.99M) | Time:00:00.03 | Mem:0.00M, Peak:0.00M | Scene, ViewLayer | Synchronizing object | R2 slate lower lip.029
Fra:1 Mem:60.48M (Peak 62.99M) | Time:00:00.03 | Mem:0.00M, Peak:0.00M | Scene, ViewLayer | Synchronizing object | R2 fitted slate tile.029
Fra:1 Mem:60.49M (Peak 62.99M) | Time:00:00.03 | Mem:0.00M, Peak:0.00M | Scene, ViewLayer | Synchronizing object | R2 fitted slate tile.030
Fra:1 Mem:60.49M (Peak 62.99M) | Time:00:00.03 | Mem:0.00M, Peak:0.00M | Scene, ViewLayer | Synchronizing object | R2 slate lower lip.030
Fra:1 Mem:60.49M (Peak 62.99M) | Time:00:00.03 | Mem:0.00M, Peak:0.00M | Scene, ViewLayer | Synchronizing object | R2 fitted slate tile.031
Fra:1 Mem:60.49M (Peak 62.99M) | Time:00:00.03 | Mem:0.00M, Peak:0.00M | Scene, ViewLayer | Synchronizing object | R2 slate lower lip.031
Fra:1 Mem:60.49M (Peak 62.99M) | Time:00:00.03 | Mem:0.00M, Peak:0.00M | Scene, ViewLayer | Synchronizing object | R2 fitted slate tile.032
Fra:1 Mem:60.49M (Peak 62.99M) | Time:00:00.03 | Mem:0.00M, Peak:0.00M | Scene, ViewLayer | Synchronizing object | R2 slate lower lip.032
Fra:1 Mem:60.50M (Peak 62.99M) | Time:00:00.03 | Mem:0.00M, Peak:0.00M | Scene, ViewLayer | Synchronizing object | R2 slate lower lip.033
Fra:1 Mem:60.50M (Peak 62.99M) | Time:00:00.03 | Mem:0.00M, Peak:0.00M | Scene, ViewLayer | Synchronizing object | R2 fitted slate tile.033
Fra:1 Mem:60.50M (Peak 62.99M) | Time:00:00.03 | Mem:0.00M, Peak:0.00M | Scene, ViewLayer | Synchronizing object | R2 fitted slate tile.034
Fra:1 Mem:60.50M (Peak 62.99M) | Time:00:00.03 | Mem:0.00M, Peak:0.00M | Scene, ViewLayer | Synchronizing object | R2 slate lower lip.034
Fra:1 Mem:60.50M (Peak 62.99M) | Time:00:00.03 | Mem:0.00M, Peak:0.00M | Scene, ViewLayer | Synchronizing object | R2 fitted slate tile.035
Fra:1 Mem:60.50M (Peak 62.99M) | Time:00:00.03 | Mem:0.00M, Peak:0.00M | Scene, ViewLayer | Synchronizing object | R2 slate lower lip.035
Fra:1 Mem:60.50M (Peak 62.99M) | Time:00:00.03 | Mem:0.00M, Peak:0.00M | Scene, ViewLayer | Synchronizing object | R2 roof row seam.007
Fra:1 Mem:60.52M (Peak 62.99M) | Time:00:00.03 | Mem:0.00M, Peak:0.00M | Scene, ViewLayer | Synchronizing object | R2 slate lower lip.036
Fra:1 Mem:60.52M (Peak 62.99M) | Time:00:00.03 | Mem:0.00M, Peak:0.00M | Scene, ViewLayer | Synchronizing object | R2 fitted slate tile.036
Fra:1 Mem:60.52M (Peak 62.99M) | Time:00:00.03 | Mem:0.00M, Peak:0.00M | Scene, ViewLayer | Synchronizing object | R2 fitted slate tile.037
Fra:1 Mem:60.53M (Peak 62.99M) | Time:00:00.03 | Mem:0.00M, Peak:0.00M | Scene, ViewLayer | Synchronizing object | R2 slate lower lip.037
Fra:1 Mem:60.53M (Peak 62.99M) | Time:00:00.03 | Mem:0.00M, Peak:0.00M | Scene, ViewLayer | Synchronizing object | R2 fitted slate tile.038
Fra:1 Mem:60.53M (Peak 62.99M) | Time:00:00.03 | Mem:0.00M, Peak:0.00M | Scene, ViewLayer | Synchronizing object | R2 slate lower lip.038
Fra:1 Mem:60.53M (Peak 62.99M) | Time:00:00.03 | Mem:0.00M, Peak:0.00M | Scene, ViewLayer | Synchronizing object | R2 slate lower lip.039
Fra:1 Mem:60.53M (Peak 62.99M) | Time:00:00.03 | Mem:0.00M, Peak:0.00M | Scene, ViewLayer | Synchronizing object | R2 fitted slate tile.039
Fra:1 Mem:60.53M (Peak 62.99M) | Time:00:00.03 | Mem:0.00M, Peak:0.00M | Scene, ViewLayer | Synchronizing object | R2 fitted slate tile.040
Fra:1 Mem:60.53M (Peak 62.99M) | Time:00:00.03 | Mem:0.00M, Peak:0.00M | Scene, ViewLayer | Synchronizing object | R2 slate lower lip.040
Fra:1 Mem:60.54M (Peak 62.99M) | Time:00:00.03 | Mem:0.00M, Peak:0.00M | Scene, ViewLayer | Synchronizing object | R2 fitted slate tile.041
Fra:1 Mem:60.54M (Peak 62.99M) | Time:00:00.03 | Mem:0.00M, Peak:0.00M | Scene, ViewLayer | Synchronizing object | R2 slate lower lip.041
Fra:1 Mem:60.54M (Peak 62.99M) | Time:00:00.03 | Mem:0.00M, Peak:0.00M | Scene, ViewLayer | Synchronizing object | R2 roof row seam.008
Fra:1 Mem:60.56M (Peak 62.99M) | Time:00:00.03 | Mem:0.00M, Peak:0.00M | Scene, ViewLayer | Synchronizing object | R2 slate lower lip.042
Fra:1 Mem:60.56M (Peak 62.99M) | Time:00:00.03 | Mem:0.00M, Peak:0.00M | Scene, ViewLayer | Synchronizing object | R2 fitted slate tile.042
Fra:1 Mem:60.56M (Peak 62.99M) | Time:00:00.03 | Mem:0.00M, Peak:0.00M | Scene, ViewLayer | Synchronizing object | R2 fitted slate tile.043
Fra:1 Mem:60.56M (Peak 62.99M) | Time:00:00.03 | Mem:0.00M, Peak:0.00M | Scene, ViewLayer | Synchronizing object | R2 slate lower lip.043
Fra:1 Mem:60.56M (Peak 62.99M) | Time:00:00.03 | Mem:0.00M, Peak:0.00M | Scene, ViewLayer | Synchronizing object | R2 fitted slate tile.044
Fra:1 Mem:60.56M (Peak 62.99M) | Time:00:00.03 | Mem:0.00M, Peak:0.00M | Scene, ViewLayer | Synchronizing object | R2 slate lower lip.044
Fra:1 Mem:60.57M (Peak 62.99M) | Time:00:00.03 | Mem:0.00M, Peak:0.00M | Scene, ViewLayer | Synchronizing object | R2 fitted slate tile.045
Fra:1 Mem:60.57M (Peak 62.99M) | Time:00:00.03 | Mem:0.00M, Peak:0.00M | Scene, ViewLayer | Synchronizing object | R2 slate lower lip.045
Fra:1 Mem:60.57M (Peak 62.99M) | Time:00:00.03 | Mem:0.00M, Peak:0.00M | Scene, ViewLayer | Synchronizing object | R2 fitted slate tile.046
Fra:1 Mem:60.57M (Peak 62.99M) | Time:00:00.03 | Mem:0.00M, Peak:0.00M | Scene, ViewLayer | Synchronizing object | R2 slate lower lip.046
Fra:1 Mem:60.57M (Peak 62.99M) | Time:00:00.03 | Mem:0.00M, Peak:0.00M | Scene, ViewLayer | Synchronizing object | R2 roof row seam.009
Fra:1 Mem:60.59M (Peak 62.99M) | Time:00:00.03 | Mem:0.00M, Peak:0.00M | Scene, ViewLayer | Synchronizing object | R2 fitted slate tile.047
Fra:1 Mem:60.59M (Peak 62.99M) | Time:00:00.03 | Mem:0.00M, Peak:0.00M | Scene, ViewLayer | Synchronizing object | R2 slate lower lip.047
Fra:1 Mem:60.59M (Peak 62.99M) | Time:00:00.03 | Mem:0.00M, Peak:0.00M | Scene, ViewLayer | Synchronizing object | R2 fitted slate tile.048
Fra:1 Mem:60.60M (Peak 62.99M) | Time:00:00.03 | Mem:0.00M, Peak:0.00M | Scene, ViewLayer | Synchronizing object | R2 slate lower lip.048
Fra:1 Mem:60.60M (Peak 62.99M) | Time:00:00.03 | Mem:0.00M, Peak:0.00M | Scene, ViewLayer | Synchronizing object | R2 fitted slate tile.049
Fra:1 Mem:60.60M (Peak 62.99M) | Time:00:00.03 | Mem:0.00M, Peak:0.00M | Scene, ViewLayer | Synchronizing object | R2 slate lower lip.049
Fra:1 Mem:60.60M (Peak 62.99M) | Time:00:00.03 | Mem:0.00M, Peak:0.00M | Scene, ViewLayer | Synchronizing object | R2 slate lower lip.050
Fra:1 Mem:60.60M (Peak 62.99M) | Time:00:00.03 | Mem:0.00M, Peak:0.00M | Scene, ViewLayer | Synchronizing object | R2 fitted slate tile.050
Fra:1 Mem:60.60M (Peak 62.99M) | Time:00:00.03 | Mem:0.00M, Peak:0.00M | Scene, ViewLayer | Synchronizing object | R2 roof row seam.010
Fra:1 Mem:60.62M (Peak 62.99M) | Time:00:00.03 | Mem:0.00M, Peak:0.00M | Scene, ViewLayer | Synchronizing object | R2 fitted slate tile.051
Fra:1 Mem:60.62M (Peak 62.99M) | Time:00:00.03 | Mem:0.00M, Peak:0.00M | Scene, ViewLayer | Synchronizing object | R2 slate lower lip.051
Fra:1 Mem:60.63M (Peak 62.99M) | Time:00:00.03 | Mem:0.00M, Peak:0.00M | Scene, ViewLayer | Synchronizing object | R2 fitted slate tile.052
Fra:1 Mem:60.63M (Peak 62.99M) | Time:00:00.03 | Mem:0.00M, Peak:0.00M | Scene, ViewLayer | Synchronizing object | R2 slate lower lip.052
Fra:1 Mem:60.63M (Peak 62.99M) | Time:00:00.03 | Mem:0.00M, Peak:0.00M | Scene, ViewLayer | Synchronizing object | R2 fitted slate tile.053
Fra:1 Mem:60.63M (Peak 62.99M) | Time:00:00.03 | Mem:0.00M, Peak:0.00M | Scene, ViewLayer | Synchronizing object | R2 slate lower lip.053
Fra:1 Mem:60.63M (Peak 62.99M) | Time:00:00.03 | Mem:0.00M, Peak:0.00M | Scene, ViewLayer | Synchronizing object | R2 roof row seam.011
Fra:1 Mem:60.65M (Peak 62.99M) | Time:00:00.03 | Mem:0.00M, Peak:0.00M | Scene, ViewLayer | Synchronizing object | R2 slate lower lip.054
Fra:1 Mem:60.65M (Peak 62.99M) | Time:00:00.03 | Mem:0.00M, Peak:0.00M | Scene, ViewLayer | Synchronizing object | R2 fitted slate tile.055
Fra:1 Mem:60.65M (Peak 62.99M) | Time:00:00.03 | Mem:0.00M, Peak:0.00M | Scene, ViewLayer | Synchronizing object | R2 slate lower lip.055
Fra:1 Mem:60.66M (Peak 62.99M) | Time:00:00.03 | Mem:0.00M, Peak:0.00M | Scene, ViewLayer | Synchronizing object | R2 roof row seam.012
Fra:1 Mem:60.67M (Peak 62.99M) | Time:00:00.03 | Mem:0.00M, Peak:0.00M | Scene, ViewLayer | Synchronizing object | R2 slate lower lip.056
Fra:1 Mem:60.67M (Peak 62.99M) | Time:00:00.03 | Mem:0.00M, Peak:0.00M | Scene, ViewLayer | Synchronizing object | R2 fitted slate tile.056
Fra:1 Mem:60.68M (Peak 62.99M) | Time:00:00.03 | Mem:0.00M, Peak:0.00M | Scene, ViewLayer | Synchronizing object | R2 fitted slate tile.057
Fra:1 Mem:60.68M (Peak 62.99M) | Time:00:00.03 | Mem:0.00M, Peak:0.00M | Scene, ViewLayer | Synchronizing object | R2 slate lower lip.057
Fra:1 Mem:60.68M (Peak 62.99M) | Time:00:00.03 | Mem:0.00M, Peak:0.00M | Scene, ViewLayer | Synchronizing object | R2 roof row seam.013
Fra:1 Mem:60.70M (Peak 62.99M) | Time:00:00.03 | Mem:0.00M, Peak:0.00M | Scene, ViewLayer | Synchronizing object | R2 roof hip seam.002
Fra:1 Mem:60.72M (Peak 62.99M) | Time:00:00.03 | Mem:0.00M, Peak:0.00M | Scene, ViewLayer | Synchronizing object | R2 roof hip seam.003
Fra:1 Mem:60.74M (Peak 62.99M) | Time:00:00.03 | Mem:0.00M, Peak:0.00M | Scene, ViewLayer | Synchronizing object | R2 slate lower lip.058
Fra:1 Mem:60.74M (Peak 62.99M) | Time:00:00.03 | Mem:0.00M, Peak:0.00M | Scene, ViewLayer | Synchronizing object | R2 fitted slate tile.058
Fra:1 Mem:60.75M (Peak 62.99M) | Time:00:00.03 | Mem:0.00M, Peak:0.00M | Scene, ViewLayer | Synchronizing object | R2 fitted slate tile.059
Fra:1 Mem:60.75M (Peak 62.99M) | Time:00:00.03 | Mem:0.00M, Peak:0.00M | Scene, ViewLayer | Synchronizing object | R2 slate lower lip.059
Fra:1 Mem:60.75M (Peak 62.99M) | Time:00:00.03 | Mem:0.00M, Peak:0.00M | Scene, ViewLayer | Synchronizing object | R2 fitted slate tile.060
Fra:1 Mem:60.75M (Peak 62.99M) | Time:00:00.03 | Mem:0.00M, Peak:0.00M | Scene, ViewLayer | Synchronizing object | R2 slate lower lip.060
Fra:1 Mem:60.75M (Peak 62.99M) | Time:00:00.03 | Mem:0.00M, Peak:0.00M | Scene, ViewLayer | Synchronizing object | R2 slate lower lip.061
Fra:1 Mem:60.76M (Peak 62.99M) | Time:00:00.03 | Mem:0.00M, Peak:0.00M | Scene, ViewLayer | Synchronizing object | R2 fitted slate tile.062
Fra:1 Mem:60.76M (Peak 62.99M) | Time:00:00.03 | Mem:0.00M, Peak:0.00M | Scene, ViewLayer | Synchronizing object | R2 slate lower lip.062
Fra:1 Mem:60.76M (Peak 62.99M) | Time:00:00.03 | Mem:0.00M, Peak:0.00M | Scene, ViewLayer | Synchronizing object | R2 fitted slate tile.063
Fra:1 Mem:60.76M (Peak 62.99M) | Time:00:00.03 | Mem:0.00M, Peak:0.00M | Scene, ViewLayer | Synchronizing object | R2 slate lower lip.063
Fra:1 Mem:60.76M (Peak 62.99M) | Time:00:00.03 | Mem:0.00M, Peak:0.00M | Scene, ViewLayer | Synchronizing object | R2 fitted slate tile.064
Fra:1 Mem:60.76M (Peak 62.99M) | Time:00:00.03 | Mem:0.00M, Peak:0.00M | Scene, ViewLayer | Synchronizing object | R2 slate lower lip.064
Fra:1 Mem:60.77M (Peak 62.99M) | Time:00:00.03 | Mem:0.00M, Peak:0.00M | Scene, ViewLayer | Synchronizing object | R2 roof row seam.014
Fra:1 Mem:60.78M (Peak 62.99M) | Time:00:00.03 | Mem:0.00M, Peak:0.00M | Scene, ViewLayer | Synchronizing object | R2 slate lower lip.065
Fra:1 Mem:60.78M (Peak 62.99M) | Time:00:00.03 | Mem:0.00M, Peak:0.00M | Scene, ViewLayer | Synchronizing object | R2 fitted slate tile.065
Fra:1 Mem:60.79M (Peak 62.99M) | Time:00:00.03 | Mem:0.00M, Peak:0.00M | Scene, ViewLayer | Synchronizing object | R2 fitted slate tile.066
Fra:1 Mem:60.79M (Peak 62.99M) | Time:00:00.03 | Mem:0.00M, Peak:0.00M | Scene, ViewLayer | Synchronizing object | R2 slate lower lip.066
Fra:1 Mem:60.79M (Peak 62.99M) | Time:00:00.03 | Mem:0.00M, Peak:0.00M | Scene, ViewLayer | Synchronizing object | R2 fitted slate tile.067
Fra:1 Mem:60.79M (Peak 62.99M) | Time:00:00.03 | Mem:0.00M, Peak:0.00M | Scene, ViewLayer | Synchronizing object | R2 slate lower lip.067
Fra:1 Mem:60.79M (Peak 62.99M) | Time:00:00.03 | Mem:0.00M, Peak:0.00M | Scene, ViewLayer | Synchronizing object | R2 slate lower lip.068
Fra:1 Mem:60.79M (Peak 62.99M) | Time:00:00.03 | Mem:0.00M, Peak:0.00M | Scene, ViewLayer | Synchronizing object | R2 fitted slate tile.068
Fra:1 Mem:60.80M (Peak 62.99M) | Time:00:00.03 | Mem:0.00M, Peak:0.00M | Scene, ViewLayer | Synchronizing object | R2 fitted slate tile.069
Fra:1 Mem:60.80M (Peak 62.99M) | Time:00:00.03 | Mem:0.00M, Peak:0.00M | Scene, ViewLayer | Synchronizing object | R2 slate lower lip.069
Fra:1 Mem:60.80M (Peak 62.99M) | Time:00:00.03 | Mem:0.00M, Peak:0.00M | Scene, ViewLayer | Synchronizing object | R2 fitted slate tile.070
Fra:1 Mem:60.80M (Peak 62.99M) | Time:00:00.03 | Mem:0.00M, Peak:0.00M | Scene, ViewLayer | Synchronizing object | R2 slate lower lip.070
Fra:1 Mem:60.80M (Peak 62.99M) | Time:00:00.03 | Mem:0.00M, Peak:0.00M | Scene, ViewLayer | Synchronizing object | R2 roof row seam.015
Fra:1 Mem:60.82M (Peak 62.99M) | Time:00:00.03 | Mem:0.00M, Peak:0.00M | Scene, ViewLayer | Synchronizing object | R2 fitted slate tile.071
Fra:1 Mem:60.82M (Peak 62.99M) | Time:00:00.03 | Mem:0.00M, Peak:0.00M | Scene, ViewLayer | Synchronizing object | R2 slate lower lip.071
Fra:1 Mem:60.82M (Peak 62.99M) | Time:00:00.03 | Mem:0.00M, Peak:0.00M | Scene, ViewLayer | Synchronizing object | R2 fitted slate tile.072
Fra:1 Mem:60.82M (Peak 62.99M) | Time:00:00.03 | Mem:0.00M, Peak:0.00M | Scene, ViewLayer | Synchronizing object | R2 slate lower lip.072
Fra:1 Mem:60.83M (Peak 62.99M) | Time:00:00.03 | Mem:0.00M, Peak:0.00M | Scene, ViewLayer | Synchronizing object | R2 fitted slate tile.073
Fra:1 Mem:60.83M (Peak 62.99M) | Time:00:00.03 | Mem:0.00M, Peak:0.00M | Scene, ViewLayer | Synchronizing object | R2 slate lower lip.073
Fra:1 Mem:60.83M (Peak 62.99M) | Time:00:00.03 | Mem:0.00M, Peak:0.00M | Scene, ViewLayer | Synchronizing object | R2 fitted slate tile.074
Fra:1 Mem:60.83M (Peak 62.99M) | Time:00:00.03 | Mem:0.00M, Peak:0.00M | Scene, ViewLayer | Synchronizing object | R2 slate lower lip.074
Fra:1 Mem:60.83M (Peak 62.99M) | Time:00:00.03 | Mem:0.00M, Peak:0.00M | Scene, ViewLayer | Synchronizing object | R2 fitted slate tile.075
Fra:1 Mem:60.83M (Peak 62.99M) | Time:00:00.03 | Mem:0.00M, Peak:0.00M | Scene, ViewLayer | Synchronizing object | R2 slate lower lip.075
Fra:1 Mem:60.83M (Peak 62.99M) | Time:00:00.03 | Mem:0.00M, Peak:0.00M | Scene, ViewLayer | Synchronizing object | R2 roof row seam.016
Fra:1 Mem:60.85M (Peak 62.99M) | Time:00:00.03 | Mem:0.00M, Peak:0.00M | Scene, ViewLayer | Synchronizing object | R2 fitted slate tile.076
Fra:1 Mem:60.85M (Peak 62.99M) | Time:00:00.03 | Mem:0.00M, Peak:0.00M | Scene, ViewLayer | Synchronizing object | R2 slate lower lip.076
Fra:1 Mem:60.86M (Peak 62.99M) | Time:00:00.03 | Mem:0.00M, Peak:0.00M | Scene, ViewLayer | Synchronizing object | R2 slate lower lip.077
Fra:1 Mem:60.86M (Peak 62.99M) | Time:00:00.03 | Mem:0.00M, Peak:0.00M | Scene, ViewLayer | Synchronizing object | R2 fitted slate tile.077
Fra:1 Mem:60.86M (Peak 62.99M) | Time:00:00.03 | Mem:0.00M, Peak:0.00M | Scene, ViewLayer | Synchronizing object | R2 fitted slate tile.078
Fra:1 Mem:60.86M (Peak 62.99M) | Time:00:00.03 | Mem:0.00M, Peak:0.00M | Scene, ViewLayer | Synchronizing object | R2 slate lower lip.078
Fra:1 Mem:60.86M (Peak 62.99M) | Time:00:00.03 | Mem:0.00M, Peak:0.00M | Scene, ViewLayer | Synchronizing object | R2 fitted slate tile.079
Fra:1 Mem:60.86M (Peak 62.99M) | Time:00:00.03 | Mem:0.00M, Peak:0.00M | Scene, ViewLayer | Synchronizing object | R2 slate lower lip.079
Fra:1 Mem:60.87M (Peak 62.99M) | Time:00:00.03 | Mem:0.00M, Peak:0.00M | Scene, ViewLayer | Synchronizing object | R2 roof row seam.017
Fra:1 Mem:60.88M (Peak 62.99M) | Time:00:00.03 | Mem:0.00M, Peak:0.00M | Scene, ViewLayer | Synchronizing object | R2 slate lower lip.080
Fra:1 Mem:60.88M (Peak 62.99M) | Time:00:00.03 | Mem:0.00M, Peak:0.00M | Scene, ViewLayer | Synchronizing object | R2 fitted slate tile.080
Fra:1 Mem:60.89M (Peak 62.99M) | Time:00:00.03 | Mem:0.00M, Peak:0.00M | Scene, ViewLayer | Synchronizing object | R2 fitted slate tile.081
Fra:1 Mem:60.89M (Peak 62.99M) | Time:00:00.03 | Mem:0.00M, Peak:0.00M | Scene, ViewLayer | Synchronizing object | R2 slate lower lip.081
Fra:1 Mem:60.89M (Peak 62.99M) | Time:00:00.03 | Mem:0.00M, Peak:0.00M | Scene, ViewLayer | Synchronizing object | R2 fitted slate tile.082
Fra:1 Mem:60.89M (Peak 62.99M) | Time:00:00.03 | Mem:0.00M, Peak:0.00M | Scene, ViewLayer | Synchronizing object | R2 slate lower lip.082
Fra:1 Mem:60.89M (Peak 62.99M) | Time:00:00.03 | Mem:0.00M, Peak:0.00M | Scene, ViewLayer | Synchronizing object | R2 roof row seam.018
Fra:1 Mem:60.91M (Peak 62.99M) | Time:00:00.03 | Mem:0.00M, Peak:0.00M | Scene, ViewLayer | Synchronizing object | R2 fitted slate tile.083
Fra:1 Mem:60.91M (Peak 62.99M) | Time:00:00.03 | Mem:0.00M, Peak:0.00M | Scene, ViewLayer | Synchronizing object | R2 slate lower lip.083
Fra:1 Mem:60.91M (Peak 62.99M) | Time:00:00.03 | Mem:0.00M, Peak:0.00M | Scene, ViewLayer | Synchronizing object | R2 fitted slate tile.084
Fra:1 Mem:60.91M (Peak 62.99M) | Time:00:00.03 | Mem:0.00M, Peak:0.00M | Scene, ViewLayer | Synchronizing object | R2 slate lower lip.084
Fra:1 Mem:60.92M (Peak 62.99M) | Time:00:00.03 | Mem:0.00M, Peak:0.00M | Scene, ViewLayer | Synchronizing object | R2 roof row seam.019
Fra:1 Mem:60.94M (Peak 62.99M) | Time:00:00.03 | Mem:0.00M, Peak:0.00M | Scene, ViewLayer | Synchronizing object | R2 slate lower lip.085
Fra:1 Mem:60.94M (Peak 62.99M) | Time:00:00.03 | Mem:0.00M, Peak:0.00M | Scene, ViewLayer | Synchronizing object | R2 fitted slate tile.085
Fra:1 Mem:60.94M (Peak 62.99M) | Time:00:00.03 | Mem:0.00M, Peak:0.00M | Scene, ViewLayer | Synchronizing object | R2 fitted slate tile.086
Fra:1 Mem:60.94M (Peak 62.99M) | Time:00:00.03 | Mem:0.00M, Peak:0.00M | Scene, ViewLayer | Synchronizing object | R2 slate lower lip.086
Fra:1 Mem:60.94M (Peak 62.99M) | Time:00:00.03 | Mem:0.00M, Peak:0.00M | Scene, ViewLayer | Synchronizing object | R2 roof row seam.020
Fra:1 Mem:60.96M (Peak 62.99M) | Time:00:00.03 | Mem:0.00M, Peak:0.00M | Scene, ViewLayer | Synchronizing object | R2 roof hip seam.004
Fra:1 Mem:60.98M (Peak 62.99M) | Time:00:00.03 | Mem:0.00M, Peak:0.00M | Scene, ViewLayer | Synchronizing object | R2 roof hip seam.005
Fra:1 Mem:61.01M (Peak 62.99M) | Time:00:00.03 | Mem:0.00M, Peak:0.00M | Scene, ViewLayer | Synchronizing object | R2 slate lower lip.087
Fra:1 Mem:61.01M (Peak 62.99M) | Time:00:00.03 | Mem:0.00M, Peak:0.00M | Scene, ViewLayer | Synchronizing object | R2 fitted slate tile.087
Fra:1 Mem:61.01M (Peak 62.99M) | Time:00:00.03 | Mem:0.00M, Peak:0.00M | Scene, ViewLayer | Synchronizing object | R2 fitted slate tile.088
Fra:1 Mem:61.01M (Peak 62.99M) | Time:00:00.03 | Mem:0.00M, Peak:0.00M | Scene, ViewLayer | Synchronizing object | R2 slate lower lip.088
Fra:1 Mem:61.01M (Peak 62.99M) | Time:00:00.03 | Mem:0.00M, Peak:0.00M | Scene, ViewLayer | Synchronizing object | R2 fitted slate tile.089
Fra:1 Mem:61.01M (Peak 62.99M) | Time:00:00.03 | Mem:0.00M, Peak:0.00M | Scene, ViewLayer | Synchronizing object | R2 slate lower lip.089
Fra:1 Mem:61.01M (Peak 62.99M) | Time:00:00.03 | Mem:0.00M, Peak:0.00M | Scene, ViewLayer | Synchronizing object | R2 fitted slate tile.090
Fra:1 Mem:61.01M (Peak 62.99M) | Time:00:00.03 | Mem:0.00M, Peak:0.00M | Scene, ViewLayer | Synchronizing object | R2 slate lower lip.090
Fra:1 Mem:61.02M (Peak 62.99M) | Time:00:00.03 | Mem:0.00M, Peak:0.00M | Scene, ViewLayer | Synchronizing object | R2 slate lower lip.091
Fra:1 Mem:61.02M (Peak 62.99M) | Time:00:00.03 | Mem:0.00M, Peak:0.00M | Scene, ViewLayer | Synchronizing object | R2 fitted slate tile.091
Fra:1 Mem:61.02M (Peak 62.99M) | Time:00:00.03 | Mem:0.00M, Peak:0.00M | Scene, ViewLayer | Synchronizing object | R2 fitted slate tile.092
Fra:1 Mem:61.02M (Peak 62.99M) | Time:00:00.03 | Mem:0.00M, Peak:0.00M | Scene, ViewLayer | Synchronizing object | R2 slate lower lip.092
Fra:1 Mem:61.02M (Peak 62.99M) | Time:00:00.03 | Mem:0.00M, Peak:0.00M | Scene, ViewLayer | Synchronizing object | R2 fitted slate tile.093
Fra:1 Mem:61.02M (Peak 62.99M) | Time:00:00.03 | Mem:0.00M, Peak:0.00M | Scene, ViewLayer | Synchronizing object | R2 slate lower lip.093
Fra:1 Mem:61.03M (Peak 62.99M) | Time:00:00.03 | Mem:0.00M, Peak:0.00M | Scene, ViewLayer | Synchronizing object | R2 roof row seam.021
Fra:1 Mem:61.04M (Peak 62.99M) | Time:00:00.03 | Mem:0.00M, Peak:0.00M | Scene, ViewLayer | Synchronizing object | R2 slate lower lip.094
Fra:1 Mem:61.05M (Peak 62.99M) | Time:00:00.03 | Mem:0.00M, Peak:0.00M | Scene, ViewLayer | Synchronizing object | R2 fitted slate tile.094
Fra:1 Mem:61.05M (Peak 62.99M) | Time:00:00.03 | Mem:0.00M, Peak:0.00M | Scene, ViewLayer | Synchronizing object | R2 fitted slate tile.095
Fra:1 Mem:61.05M (Peak 62.99M) | Time:00:00.03 | Mem:0.00M, Peak:0.00M | Scene, ViewLayer | Synchronizing object | R2 slate lower lip.095
Fra:1 Mem:61.05M (Peak 62.99M) | Time:00:00.03 | Mem:0.00M, Peak:0.00M | Scene, ViewLayer | Synchronizing object | R2 fitted slate tile.096
Fra:1 Mem:61.05M (Peak 62.99M) | Time:00:00.03 | Mem:0.00M, Peak:0.00M | Scene, ViewLayer | Synchronizing object | R2 slate lower lip.096
Fra:1 Mem:61.05M (Peak 62.99M) | Time:00:00.03 | Mem:0.00M, Peak:0.00M | Scene, ViewLayer | Synchronizing object | R2 fitted slate tile.097
Fra:1 Mem:61.05M (Peak 62.99M) | Time:00:00.03 | Mem:0.00M, Peak:0.00M | Scene, ViewLayer | Synchronizing object | R2 slate lower lip.097
Fra:1 Mem:61.06M (Peak 62.99M) | Time:00:00.03 | Mem:0.00M, Peak:0.00M | Scene, ViewLayer | Synchronizing object | R2 slate lower lip.098
Fra:1 Mem:61.06M (Peak 62.99M) | Time:00:00.03 | Mem:0.00M, Peak:0.00M | Scene, ViewLayer | Synchronizing object | R2 fitted slate tile.098
Fra:1 Mem:61.06M (Peak 62.99M) | Time:00:00.03 | Mem:0.00M, Peak:0.00M | Scene, ViewLayer | Synchronizing object | R2 fitted slate tile.099
Fra:1 Mem:61.06M (Peak 62.99M) | Time:00:00.03 | Mem:0.00M, Peak:0.00M | Scene, ViewLayer | Synchronizing object | R2 slate lower lip.099
Fra:1 Mem:61.06M (Peak 62.99M) | Time:00:00.03 | Mem:0.00M, Peak:0.00M | Scene, ViewLayer | Synchronizing object | R2 roof row seam.022
Fra:1 Mem:61.08M (Peak 62.99M) | Time:00:00.03 | Mem:0.00M, Peak:0.00M | Scene, ViewLayer | Synchronizing object | R2 fitted slate tile.100
Fra:1 Mem:61.08M (Peak 62.99M) | Time:00:00.03 | Mem:0.00M, Peak:0.00M | Scene, ViewLayer | Synchronizing object | R2 slate lower lip.100
Fra:1 Mem:61.08M (Peak 62.99M) | Time:00:00.03 | Mem:0.00M, Peak:0.00M | Scene, ViewLayer | Synchronizing object | R2 slate lower lip.101
Fra:1 Mem:61.08M (Peak 62.99M) | Time:00:00.03 | Mem:0.00M, Peak:0.00M | Scene, ViewLayer | Synchronizing object | R2 fitted slate tile.102
Fra:1 Mem:61.08M (Peak 62.99M) | Time:00:00.03 | Mem:0.00M, Peak:0.00M | Scene, ViewLayer | Synchronizing object | R2 slate lower lip.102
Fra:1 Mem:61.09M (Peak 62.99M) | Time:00:00.03 | Mem:0.00M, Peak:0.00M | Scene, ViewLayer | Synchronizing object | R2 fitted slate tile.103
Fra:1 Mem:61.09M (Peak 62.99M) | Time:00:00.03 | Mem:0.00M, Peak:0.00M | Scene, ViewLayer | Synchronizing object | R2 slate lower lip.103
Fra:1 Mem:61.09M (Peak 62.99M) | Time:00:00.03 | Mem:0.00M, Peak:0.00M | Scene, ViewLayer | Synchronizing object | R2 slate lower lip.104
Fra:1 Mem:61.09M (Peak 62.99M) | Time:00:00.03 | Mem:0.00M, Peak:0.00M | Scene, ViewLayer | Synchronizing object | R2 fitted slate tile.104
Fra:1 Mem:61.09M (Peak 62.99M) | Time:00:00.03 | Mem:0.00M, Peak:0.00M | Scene, ViewLayer | Synchronizing object | R2 roof row seam.023
Fra:1 Mem:61.11M (Peak 62.99M) | Time:00:00.03 | Mem:0.00M, Peak:0.00M | Scene, ViewLayer | Synchronizing object | R2 slate lower lip.105
Fra:1 Mem:61.11M (Peak 62.99M) | Time:00:00.03 | Mem:0.00M, Peak:0.00M | Scene, ViewLayer | Synchronizing object | R2 fitted slate tile.105
Fra:1 Mem:61.12M (Peak 62.99M) | Time:00:00.03 | Mem:0.00M, Peak:0.00M | Scene, ViewLayer | Synchronizing object | R2 slate lower lip.106
Fra:1 Mem:61.12M (Peak 62.99M) | Time:00:00.03 | Mem:0.00M, Peak:0.00M | Scene, ViewLayer | Synchronizing object | R2 fitted slate tile.106
Fra:1 Mem:61.12M (Peak 62.99M) | Time:00:00.03 | Mem:0.00M, Peak:0.00M | Scene, ViewLayer | Synchronizing object | R2 fitted slate tile.107
Fra:1 Mem:61.12M (Peak 62.99M) | Time:00:00.03 | Mem:0.00M, Peak:0.00M | Scene, ViewLayer | Synchronizing object | R2 slate lower lip.107
Fra:1 Mem:61.12M (Peak 62.99M) | Time:00:00.03 | Mem:0.00M, Peak:0.00M | Scene, ViewLayer | Synchronizing object | R2 fitted slate tile.108
Fra:1 Mem:61.12M (Peak 62.99M) | Time:00:00.03 | Mem:0.00M, Peak:0.00M | Scene, ViewLayer | Synchronizing object | R2 slate lower lip.108
Fra:1 Mem:61.12M (Peak 62.99M) | Time:00:00.03 | Mem:0.00M, Peak:0.00M | Scene, ViewLayer | Synchronizing object | R2 roof row seam.024
Fra:1 Mem:61.14M (Peak 62.99M) | Time:00:00.03 | Mem:0.00M, Peak:0.00M | Scene, ViewLayer | Synchronizing object | R2 slate lower lip.109
Fra:1 Mem:61.14M (Peak 62.99M) | Time:00:00.03 | Mem:0.00M, Peak:0.00M | Scene, ViewLayer | Synchronizing object | R2 fitted slate tile.109
Fra:1 Mem:61.15M (Peak 62.99M) | Time:00:00.03 | Mem:0.00M, Peak:0.00M | Scene, ViewLayer | Synchronizing object | R2 fitted slate tile.110
Fra:1 Mem:61.15M (Peak 62.99M) | Time:00:00.03 | Mem:0.00M, Peak:0.00M | Scene, ViewLayer | Synchronizing object | R2 slate lower lip.110
Fra:1 Mem:61.15M (Peak 62.99M) | Time:00:00.03 | Mem:0.00M, Peak:0.00M | Scene, ViewLayer | Synchronizing object | R2 slate lower lip.111
Fra:1 Mem:61.15M (Peak 62.99M) | Time:00:00.03 | Mem:0.00M, Peak:0.00M | Scene, ViewLayer | Synchronizing object | R2 fitted slate tile.111
Fra:1 Mem:61.15M (Peak 62.99M) | Time:00:00.03 | Mem:0.00M, Peak:0.00M | Scene, ViewLayer | Synchronizing object | R2 roof row seam.025
Fra:1 Mem:61.17M (Peak 62.99M) | Time:00:00.03 | Mem:0.00M, Peak:0.00M | Scene, ViewLayer | Synchronizing object | R2 fitted slate tile.112
Fra:1 Mem:61.17M (Peak 62.99M) | Time:00:00.03 | Mem:0.00M, Peak:0.00M | Scene, ViewLayer | Synchronizing object | R2 slate lower lip.112
Fra:1 Mem:61.17M (Peak 62.99M) | Time:00:00.03 | Mem:0.00M, Peak:0.00M | Scene, ViewLayer | Synchronizing object | R2 fitted slate tile.113
Fra:1 Mem:61.17M (Peak 62.99M) | Time:00:00.03 | Mem:0.00M, Peak:0.00M | Scene, ViewLayer | Synchronizing object | R2 slate lower lip.113
Fra:1 Mem:61.18M (Peak 62.99M) | Time:00:00.03 | Mem:0.00M, Peak:0.00M | Scene, ViewLayer | Synchronizing object | R2 roof row seam.026
Fra:1 Mem:61.20M (Peak 62.99M) | Time:00:00.03 | Mem:0.00M, Peak:0.00M | Scene, ViewLayer | Synchronizing object | R2 slate lower lip.114
Fra:1 Mem:61.20M (Peak 62.99M) | Time:00:00.03 | Mem:0.00M, Peak:0.00M | Scene, ViewLayer | Synchronizing object | R2 fitted slate tile.114
Fra:1 Mem:61.20M (Peak 62.99M) | Time:00:00.03 | Mem:0.00M, Peak:0.00M | Scene, ViewLayer | Synchronizing object | R2 fitted slate tile.115
Fra:1 Mem:61.20M (Peak 62.99M) | Time:00:00.03 | Mem:0.00M, Peak:0.00M | Scene, ViewLayer | Synchronizing object | R2 slate lower lip.115
Fra:1 Mem:61.20M (Peak 62.99M) | Time:00:00.03 | Mem:0.00M, Peak:0.00M | Scene, ViewLayer | Synchronizing object | R2 roof row seam.027
Fra:1 Mem:61.22M (Peak 62.99M) | Time:00:00.03 | Mem:0.00M, Peak:0.00M | Scene, ViewLayer | Synchronizing object | R2 roof hip seam.006
Fra:1 Mem:61.24M (Peak 62.99M) | Time:00:00.03 | Mem:0.00M, Peak:0.00M | Scene, ViewLayer | Synchronizing object | R2 roof hip seam.007
Fra:1 Mem:61.26M (Peak 62.99M) | Time:00:00.03 | Mem:0.00M, Peak:0.00M | Scene, ViewLayer | Initializing
Fra:1 Mem:40.74M (Peak 62.99M) | Time:00:00.04 | Mem:0.00M, Peak:0.00M | Scene, ViewLayer | Waiting for render to start
Fra:1 Mem:40.74M (Peak 62.99M) | Time:00:00.04 | Mem:0.00M, Peak:0.00M | Scene, ViewLayer | Updating Scene
Fra:1 Mem:40.74M (Peak 62.99M) | Time:00:00.04 | Mem:0.00M, Peak:0.00M | Scene, ViewLayer | Updating Shaders
Fra:1 Mem:40.74M (Peak 62.99M) | Time:00:00.04 | Mem:0.00M, Peak:0.00M | Scene, ViewLayer | Loading render kernels (may take a few minutes the first time)
Fra:1 Mem:40.84M (Peak 62.99M) | Time:00:00.04 | Mem:0.02M, Peak:0.02M | Scene, ViewLayer | Updating Procedurals
Fra:1 Mem:40.84M (Peak 62.99M) | Time:00:00.04 | Mem:0.02M, Peak:0.02M | Scene, ViewLayer | Updating Background
Fra:1 Mem:40.84M (Peak 62.99M) | Time:00:00.04 | Mem:0.02M, Peak:0.02M | Scene, ViewLayer | Updating Camera
Fra:1 Mem:40.84M (Peak 62.99M) | Time:00:00.04 | Mem:0.02M, Peak:0.02M | Scene, ViewLayer | Updating Meshes Flags
Fra:1 Mem:40.84M (Peak 62.99M) | Time:00:00.04 | Mem:0.02M, Peak:0.02M | Scene, ViewLayer | Updating Objects
Fra:1 Mem:40.84M (Peak 62.99M) | Time:00:00.04 | Mem:0.02M, Peak:0.02M | Scene, ViewLayer | Updating Objects | Copying Transformations to device
Fra:1 Mem:40.94M (Peak 62.99M) | Time:00:00.04 | Mem:0.12M, Peak:0.12M | Scene, ViewLayer | Updating Particle Systems
Fra:1 Mem:40.94M (Peak 62.99M) | Time:00:00.04 | Mem:0.12M, Peak:0.12M | Scene, ViewLayer | Updating Particle Systems | Copying Particles to device
Fra:1 Mem:40.94M (Peak 62.99M) | Time:00:00.04 | Mem:0.12M, Peak:0.12M | Scene, ViewLayer | Updating Meshes
Fra:1 Mem:40.94M (Peak 62.99M) | Time:00:00.04 | Mem:0.12M, Peak:0.12M | Scene, ViewLayer | Updating Objects | Applying Static Transformations
Fra:1 Mem:40.94M (Peak 62.99M) | Time:00:00.04 | Mem:0.12M, Peak:0.12M | Scene, ViewLayer | Updating Mesh | Computing attributes
Fra:1 Mem:41.36M (Peak 62.99M) | Time:00:00.04 | Mem:0.15M, Peak:0.15M | Scene, ViewLayer | Updating Mesh | Copying Attributes to device
Fra:1 Mem:41.31M (Peak 62.99M) | Time:00:00.04 | Mem:0.49M, Peak:0.49M | Scene, ViewLayer | Updating Scene BVH | Building
Fra:1 Mem:41.32M (Peak 62.99M) | Time:00:00.04 | Mem:0.49M, Peak:0.49M | Scene, ViewLayer | Updating Scene BVH | Building BVH
Fra:1 Mem:41.32M (Peak 62.99M) | Time:00:00.04 | Mem:2.21M, Peak:2.21M | Scene, ViewLayer | Updating Scene BVH | Building BVH 0%
Fra:1 Mem:41.32M (Peak 62.99M) | Time:00:00.04 | Mem:3.90M, Peak:5.61M | Scene, ViewLayer | Updating Scene BVH | Copying BVH to device
Fra:1 Mem:41.32M (Peak 62.99M) | Time:00:00.04 | Mem:3.90M, Peak:5.61M | Scene, ViewLayer | Updating Mesh | Computing normals
Fra:1 Mem:42.86M (Peak 62.99M) | Time:00:00.04 | Mem:3.90M, Peak:5.61M | Scene, ViewLayer | Updating Mesh | Copying Mesh to device
Fra:1 Mem:42.86M (Peak 62.99M) | Time:00:00.04 | Mem:5.44M, Peak:5.61M | Scene, ViewLayer | Updating Objects Flags
Fra:1 Mem:42.86M (Peak 62.99M) | Time:00:00.04 | Mem:5.44M, Peak:5.61M | Scene, ViewLayer | Updating Primitive Offsets
Fra:1 Mem:42.86M (Peak 62.99M) | Time:00:00.04 | Mem:5.44M, Peak:5.61M | Scene, ViewLayer | Updating Images
Fra:1 Mem:42.86M (Peak 62.99M) | Time:00:00.04 | Mem:5.44M, Peak:5.61M | Scene, ViewLayer | Updating Camera Volume
Fra:1 Mem:42.86M (Peak 62.99M) | Time:00:00.04 | Mem:5.44M, Peak:5.61M | Scene, ViewLayer | Updating Lookup Tables
Fra:1 Mem:42.86M (Peak 62.99M) | Time:00:00.04 | Mem:5.52M, Peak:5.61M | Scene, ViewLayer | Updating Lights
Fra:1 Mem:42.86M (Peak 62.99M) | Time:00:00.04 | Mem:5.52M, Peak:5.61M | Scene, ViewLayer | Updating Lights | Computing tree
Fra:1 Mem:42.87M (Peak 62.99M) | Time:00:00.04 | Mem:5.53M, Peak:5.61M | Scene, ViewLayer | Updating Integrator
Fra:1 Mem:42.87M (Peak 62.99M) | Time:00:00.04 | Mem:5.53M, Peak:5.61M | Scene, ViewLayer | Updating Film
Fra:1 Mem:42.87M (Peak 62.99M) | Time:00:00.04 | Mem:5.45M, Peak:5.61M | Scene, ViewLayer | Updating Lookup Tables
Fra:1 Mem:42.87M (Peak 62.99M) | Time:00:00.04 | Mem:5.53M, Peak:5.61M | Scene, ViewLayer | Updating Baking
Fra:1 Mem:42.87M (Peak 62.99M) | Time:00:00.04 | Mem:5.53M, Peak:5.61M | Scene, ViewLayer | Updating Device | Writing constant memory
Fra:1 Mem:42.88M (Peak 62.99M) | Time:00:00.04 | Mem:5.53M, Peak:5.61M | Scene, ViewLayer | Loading denoising kernels (may take a few minutes the first time)
Fra:1 Mem:42.88M (Peak 62.99M) | Time:00:00.04 | Mem:5.53M, Peak:5.61M | Scene, ViewLayer | Sample 0/24
Fra:1 Mem:193.45M (Peak 193.45M) | Time:00:00.21 | Remaining:00:03.86 | Mem:155.83M, Peak:155.83M | Scene, ViewLayer | Sample 1/24
Fra:1 Mem:256.73M (Peak 351.66M) | Time:00:06.07 | Mem:155.83M, Peak:155.83M | Scene, ViewLayer | Sample 24/24
Fra:1 Mem:256.73M (Peak 351.66M) | Time:00:06.07 | Mem:155.83M, Peak:155.83M | Scene, ViewLayer | Finished
Saved: 'E:\Project\game-002-godogen-lab\artifacts\ui-experiment\E1-r2\blender-base-1080.png'
Time: 00:06.23 (Saving: 00:00.15)


13:26:00 | INFO: Starting glTF 2.0 export
13:26:00 | INFO: Extracting primitive: Cube
13:26:00 | INFO: Primitives created: 1
13:26:00 | INFO: Extracting primitive: Cube.001
13:26:00 | INFO: Primitives created: 1
13:26:00 | INFO: Extracting primitive: Backboard edge
13:26:00 | INFO: Primitives created: 1
13:26:00 | INFO: Extracting primitive: Backboard edge.001
13:26:00 | INFO: Primitives created: 1
13:26:00 | INFO: Extracting primitive: Cube.002
13:26:00 | INFO: Primitives created: 1
13:26:00 | INFO: Extracting primitive: Backboard edge.002
13:26:00 | INFO: Primitives created: 1
13:26:00 | INFO: Extracting primitive: Backboard edge.003
13:26:00 | INFO: Primitives created: 1
13:26:00 | INFO: Extracting primitive: Cube.003
13:26:00 | INFO: Primitives created: 1
13:26:00 | INFO: Extracting primitive: Backboard edge.004
13:26:00 | INFO: Primitives created: 1
13:26:00 | INFO: Extracting primitive: Backboard edge.005
13:26:00 | INFO: Primitives created: 1
13:26:00 | INFO: Extracting primitive: Cube.004
13:26:00 | INFO: Primitives created: 1
13:26:00 | INFO: Extracting primitive: Backboard edge.006
13:26:00 | INFO: Primitives created: 1
13:26:00 | INFO: Extracting primitive: Backboard edge.007
13:26:00 | INFO: Primitives created: 1
13:26:00 | INFO: Extracting primitive: Cube.005
13:26:00 | INFO: Primitives created: 1
13:26:00 | INFO: Extracting primitive: Backboard edge.008
13:26:00 | INFO: Primitives created: 1
13:26:00 | INFO: Extracting primitive: Backboard edge.009
13:26:00 | INFO: Primitives created: 1
13:26:00 | INFO: Extracting primitive: Cube.006
13:26:00 | INFO: Primitives created: 1
13:26:00 | INFO: Extracting primitive: Backboard edge.010
13:26:00 | INFO: Primitives created: 1
13:26:00 | INFO: Extracting primitive: Backboard edge.011
13:26:00 | INFO: Primitives created: 1
13:26:00 | INFO: Extracting primitive: Cube.007
13:26:00 | INFO: Primitives created: 1
13:26:00 | INFO: Extracting primitive: Backboard edge.012
13:26:00 | INFO: Primitives created: 1
13:26:00 | INFO: Extracting primitive: Backboard edge.013
13:26:00 | INFO: Primitives created: 1
13:26:00 | INFO: Extracting primitive: Cube.008
13:26:00 | INFO: Primitives created: 1
13:26:00 | INFO: Extracting primitive: Backboard edge.014
13:26:00 | INFO: Primitives created: 1
13:26:00 | INFO: Extracting primitive: Backboard edge.015
13:26:00 | INFO: Primitives created: 1
13:26:00 | INFO: Extracting primitive: Cube.009
13:26:00 | INFO: Primitives created: 1
13:26:00 | INFO: Extracting primitive: Backboard edge.016
13:26:00 | INFO: Primitives created: 1
13:26:00 | INFO: Extracting primitive: Backboard edge.017
13:26:00 | INFO: Primitives created: 1
13:26:00 | INFO: Extracting primitive: Cube.010
13:26:00 | INFO: Primitives created: 1
13:26:00 | INFO: Extracting primitive: Backboard edge.018
13:26:00 | INFO: Primitives created: 1
13:26:00 | INFO: Extracting primitive: Backboard edge.019
13:26:00 | INFO: Primitives created: 1
13:26:00 | INFO: Extracting primitive: Cube.011
13:26:00 | INFO: Primitives created: 1
13:26:00 | INFO: Extracting primitive: Top frame edge
13:26:00 | INFO: Primitives created: 1
13:26:00 | INFO: Extracting primitive: Top frame edge.001
13:26:00 | INFO: Primitives created: 1
13:26:00 | INFO: Extracting primitive: Cube.012
13:26:00 | INFO: Primitives created: 1
13:26:00 | INFO: Extracting primitive: Bottom frame edge
13:26:00 | INFO: Primitives created: 1
13:26:00 | INFO: Extracting primitive: Bottom frame edge.001
13:26:00 | INFO: Primitives created: 1
13:26:00 | INFO: Extracting primitive: Cube.013
13:26:00 | INFO: Primitives created: 1
13:26:00 | INFO: Extracting primitive: Left frame edge
13:26:00 | INFO: Primitives created: 1
13:26:00 | INFO: Extracting primitive: Left frame edge.001
13:26:00 | INFO: Primitives created: 1
13:26:00 | INFO: Extracting primitive: Cube.014
13:26:00 | INFO: Primitives created: 1
13:26:00 | INFO: Extracting primitive: Right frame edge
13:26:00 | INFO: Primitives created: 1
13:26:00 | INFO: Extracting primitive: Right frame edge.001
13:26:00 | INFO: Primitives created: 1
13:26:00 | INFO: Extracting primitive: Cube.015
13:26:00 | INFO: Primitives created: 1
13:26:00 | INFO: Extracting primitive: Middle rail edge
13:26:00 | INFO: Primitives created: 1
13:26:00 | INFO: Extracting primitive: Middle rail edge.001
13:26:00 | INFO: Primitives created: 1
13:26:00 | INFO: Extracting primitive: Cube.016
13:26:00 | INFO: Primitives created: 1
13:26:00 | INFO: Extracting primitive: Wand shelf edge
13:26:00 | INFO: Primitives created: 1
13:26:00 | INFO: Extracting primitive: Wand shelf edge.001
13:26:00 | INFO: Primitives created: 1
13:26:00 | INFO: Extracting primitive: Cube.017
13:26:00 | INFO: Primitives created: 1
13:26:00 | INFO: Extracting primitive: Sphere
13:26:00 | INFO: Primitives created: 1
13:26:00 | INFO: Extracting primitive: Sphere.001
13:26:00 | INFO: Primitives created: 1
13:26:00 | INFO: Extracting primitive: Cube.018
13:26:00 | INFO: Primitives created: 1
13:26:00 | INFO: Extracting primitive: Sphere.002
13:26:00 | INFO: Primitives created: 1
13:26:00 | INFO: Extracting primitive: Sphere.003
13:26:00 | INFO: Primitives created: 1
13:26:00 | INFO: Extracting primitive: Cube.019
13:26:00 | INFO: Primitives created: 1
13:26:00 | INFO: Extracting primitive: Sphere.004
13:26:00 | INFO: Primitives created: 1
13:26:00 | INFO: Extracting primitive: Sphere.005
13:26:00 | INFO: Primitives created: 1
13:26:00 | INFO: Extracting primitive: Cube.020
13:26:00 | INFO: Primitives created: 1
13:26:00 | INFO: Extracting primitive: Sphere.006
13:26:00 | INFO: Primitives created: 1
13:26:00 | INFO: Extracting primitive: Sphere.007
13:26:00 | INFO: Primitives created: 1
13:26:00 | INFO: Extracting primitive: TagAcquire
13:26:00 | INFO: Primitives created: 1
13:26:00 | INFO: Extracting primitive: TagAcquire cut edge
13:26:00 | INFO: Primitives created: 1
13:26:00 | INFO: Extracting primitive: TagArmor
13:26:00 | INFO: Primitives created: 1
13:26:00 | INFO: Extracting primitive: TagArmor cut edge
13:26:00 | INFO: Primitives created: 1
13:26:00 | INFO: Extracting primitive: Wand shaft
13:26:00 | INFO: Primitives created: 1
13:26:00 | INFO: Extracting primitive: Cube.021
13:26:00 | INFO: Primitives created: 1
13:26:00 | INFO: Extracting primitive: Cube.022
13:26:00 | INFO: Primitives created: 1
13:26:00 | INFO: Extracting primitive: Icosphere
13:26:00 | INFO: Primitives created: 3
13:26:00 | INFO: Extracting primitive: Inlay socket
13:26:00 | INFO: Primitives created: 1
13:26:00 | INFO: Extracting primitive: Inlay socket.001
13:26:00 | INFO: Primitives created: 1
13:26:00 | INFO: Extracting primitive: Inlay highlight
13:26:00 | INFO: Primitives created: 1
13:26:00 | INFO: Extracting primitive: MapPaper
13:26:00 | INFO: Primitives created: 1
13:26:00 | INFO: Extracting primitive: MapPaper cut edge
13:26:00 | INFO: Primitives created: 1
13:26:00 | INFO: Extracting primitive: Cylinder
13:26:00 | INFO: Primitives created: 1
13:26:00 | INFO: Extracting primitive: Cylinder.001
13:26:00 | INFO: Primitives created: 1
13:26:00 | INFO: Extracting primitive: Cube.023
13:26:00 | INFO: Primitives created: 1
13:26:00 | INFO: Extracting primitive: R2 arched door opening
13:26:00 | INFO: Primitives created: 1
13:26:00 | INFO: Extracting primitive: Cone
13:26:00 | INFO: Primitives created: 1
13:26:00 | INFO: Extracting primitive: Finial
13:26:00 | INFO: Primitives created: 1
13:26:00 | INFO: Extracting primitive: R2 lining behind existing wand
13:26:00 | INFO: Primitives created: 1
13:26:00 | INFO: Extracting primitive: R2 folded lining perimeter
13:26:00 | INFO: Primitives created: 1
13:26:00 | INFO: Extracting primitive: R2 tag tied cord loop
13:26:00 | INFO: Primitives created: 1
13:26:00 | INFO: Extracting primitive: R2 tag cord short tail
13:26:00 | INFO: Primitives created: 1
13:26:00 | INFO: Extracting primitive: Icosphere.001
13:26:00 | INFO: Primitives created: 1
13:26:00 | INFO: Extracting primitive: R2 tag tied cord loop.001
13:26:00 | INFO: Primitives created: 1
13:26:00 | INFO: Extracting primitive: R2 tag cord short tail.001
13:26:00 | INFO: Primitives created: 1
13:26:00 | INFO: Extracting primitive: Icosphere.002
13:26:00 | INFO: Primitives created: 1
13:26:00 | INFO: Extracting primitive: R2 shaft ink fissure
13:26:00 | INFO: Primitives created: 1
13:26:00 | INFO: Extracting primitive: R2 shaft ink fissure.001
13:26:00 | INFO: Primitives created: 1
13:26:00 | INFO: Extracting primitive: R2 shaft ink fissure.002
13:26:00 | INFO: Primitives created: 1
13:26:00 | INFO: Extracting primitive: R2 exposed warm grey bark ridge
13:26:00 | INFO: Primitives created: 1
13:26:00 | INFO: Extracting primitive: R2 exposed warm grey bark ridge.001
13:26:00 | INFO: Primitives created: 1
13:26:00 | INFO: Extracting primitive: R2 exposed warm grey bark ridge.002
13:26:00 | INFO: Primitives created: 1
13:26:00 | INFO: Extracting primitive: R2 wandering bark root
13:26:00 | INFO: Primitives created: 1
13:26:00 | INFO: Extracting primitive: R2 wandering bark root.001
13:26:00 | INFO: Primitives created: 1
13:26:00 | INFO: Extracting primitive: Icosphere.003
13:26:00 | INFO: Primitives created: 1
13:26:00 | INFO: Extracting primitive: R2 knot heart ring
13:26:00 | INFO: Primitives created: 1
13:26:00 | INFO: Extracting primitive: R2 knot heart ring.001
13:26:00 | INFO: Primitives created: 1
13:26:00 | INFO: Extracting primitive: Icosphere.004
13:26:00 | INFO: Primitives created: 1
13:26:00 | INFO: Extracting primitive: R2 knot heart ring.002
13:26:00 | INFO: Primitives created: 1
13:26:00 | INFO: Extracting primitive: R2 knot heart ring.003
13:26:00 | INFO: Primitives created: 1
13:26:00 | INFO: Extracting primitive: R2 worn copper grip band
13:26:00 | INFO: Primitives created: 1
13:26:00 | INFO: Extracting primitive: R2 worn copper grip band.001
13:26:00 | INFO: Primitives created: 1
13:26:00 | INFO: Extracting primitive: R2 worn copper grip band.002
13:26:00 | INFO: Primitives created: 1
13:26:00 | INFO: Extracting primitive: R2 worn copper grip band.003
13:26:00 | INFO: Primitives created: 1
13:26:00 | INFO: Extracting primitive: R2 worn copper grip band.004
13:26:00 | INFO: Primitives created: 1
13:26:00 | INFO: Extracting primitive: R2 worn copper grip band.005
13:26:00 | INFO: Primitives created: 1
13:26:00 | INFO: Extracting primitive: R2 worn copper grip band.006
13:26:00 | INFO: Primitives created: 1
13:26:00 | INFO: Extracting primitive: R2 worn copper grip band.007
13:26:00 | INFO: Primitives created: 1
13:26:00 | INFO: Extracting primitive: R2 worn copper grip band.008
13:26:00 | INFO: Primitives created: 1
13:26:00 | INFO: Extracting primitive: R2 root prong around fixed inlay
13:26:00 | INFO: Primitives created: 1
13:26:00 | INFO: Extracting primitive: R2 root prong around fixed inlay.001
13:26:00 | INFO: Primitives created: 1
13:26:00 | INFO: Extracting primitive: R2 root prong around fixed inlay.002
13:26:00 | INFO: Primitives created: 1
13:26:00 | INFO: Extracting primitive: R2 root prong around fixed inlay.003
13:26:00 | INFO: Primitives created: 1
13:26:00 | INFO: Extracting primitive: Cube.025
13:26:00 | INFO: Primitives created: 1
13:26:00 | INFO: Extracting primitive: Cube.026
13:26:00 | INFO: Primitives created: 1
13:26:00 | INFO: Extracting primitive: Cube.027
13:26:00 | INFO: Primitives created: 1
13:26:00 | INFO: Extracting primitive: Cube.028
13:26:00 | INFO: Primitives created: 1
13:26:00 | INFO: Extracting primitive: Cube.029
13:26:00 | INFO: Primitives created: 1
13:26:00 | INFO: Extracting primitive: Cube.030
13:26:00 | INFO: Primitives created: 1
13:26:00 | INFO: Extracting primitive: R2 arch voussoir
13:26:00 | INFO: Primitives created: 1
13:26:00 | INFO: Extracting primitive: R2 arch voussoir.001
13:26:00 | INFO: Primitives created: 1
13:26:00 | INFO: Extracting primitive: R2 arch voussoir.002
13:26:00 | INFO: Primitives created: 1
13:26:00 | INFO: Extracting primitive: R2 arch voussoir.003
13:26:00 | INFO: Primitives created: 1
13:26:00 | INFO: Extracting primitive: R2 arch voussoir.004
13:26:00 | INFO: Primitives created: 1
13:26:00 | INFO: Extracting primitive: R2 arch voussoir.005
13:26:00 | INFO: Primitives created: 1
13:26:00 | INFO: Extracting primitive: R2 arch voussoir.006
13:26:00 | INFO: Primitives created: 1
13:26:00 | INFO: Extracting primitive: R2 door timber slit
13:26:00 | INFO: Primitives created: 1
13:26:00 | INFO: Extracting primitive: R2 door timber slit.001
13:26:00 | INFO: Primitives created: 1
13:26:00 | INFO: Extracting primitive: R2 door timber slit.002
13:26:00 | INFO: Primitives created: 1
13:26:00 | INFO: Extracting primitive: Cube.031
13:26:00 | INFO: Primitives created: 1
13:26:00 | INFO: Extracting primitive: Cube.032
13:26:00 | INFO: Primitives created: 1
13:26:00 | INFO: Extracting primitive: Cube.033
13:26:00 | INFO: Primitives created: 1
13:26:00 | INFO: Extracting primitive: Cube.034
13:26:00 | INFO: Primitives created: 1
13:26:00 | INFO: Extracting primitive: Cube.035
13:26:00 | INFO: Primitives created: 1
13:26:00 | INFO: Extracting primitive: Cube.036
13:26:00 | INFO: Primitives created: 1
13:26:00 | INFO: Extracting primitive: Cube.037
13:26:00 | INFO: Primitives created: 1
13:26:00 | INFO: Extracting primitive: Cube.038
13:26:00 | INFO: Primitives created: 1
13:26:00 | INFO: Extracting primitive: Cube.039
13:26:00 | INFO: Primitives created: 1
13:26:00 | INFO: Extracting primitive: Cube.040
13:26:00 | INFO: Primitives created: 1
13:26:00 | INFO: Extracting primitive: Cube.041
13:26:00 | INFO: Primitives created: 1
13:26:00 | INFO: Extracting primitive: Cube.042
13:26:00 | INFO: Primitives created: 1
13:26:00 | INFO: Extracting primitive: Cube.043
13:26:00 | INFO: Primitives created: 1
13:26:00 | INFO: Extracting primitive: Cube.044
13:26:00 | INFO: Primitives created: 1
13:26:00 | INFO: Extracting primitive: Cube.045
13:26:00 | INFO: Primitives created: 1
13:26:00 | INFO: Extracting primitive: Cube.046
13:26:00 | INFO: Primitives created: 1
13:26:00 | INFO: Extracting primitive: Cube.047
13:26:00 | INFO: Primitives created: 1
13:26:00 | INFO: Extracting primitive: Cube.048
13:26:00 | INFO: Primitives created: 1
13:26:00 | INFO: Extracting primitive: Cube.049
13:26:00 | INFO: Primitives created: 1
13:26:00 | INFO: Extracting primitive: Cube.050
13:26:00 | INFO: Primitives created: 1
13:26:00 | INFO: Extracting primitive: Cube.051
13:26:00 | INFO: Primitives created: 1
13:26:00 | INFO: Extracting primitive: Cube.052
13:26:00 | INFO: Primitives created: 1
13:26:00 | INFO: Extracting primitive: Cube.053
13:26:00 | INFO: Primitives created: 1
13:26:00 | INFO: Extracting primitive: Cube.054
13:26:00 | INFO: Primitives created: 1
13:26:00 | INFO: Extracting primitive: Cube.055
13:26:00 | INFO: Primitives created: 1
13:26:00 | INFO: Extracting primitive: Cube.056
13:26:00 | INFO: Primitives created: 1
13:26:00 | INFO: Extracting primitive: Cube.057
13:26:00 | INFO: Primitives created: 1
13:26:00 | INFO: Extracting primitive: Cube.058
13:26:00 | INFO: Primitives created: 1
13:26:00 | INFO: Extracting primitive: Cube.059
13:26:00 | INFO: Primitives created: 1
13:26:00 | INFO: Extracting primitive: Cube.060
13:26:00 | INFO: Primitives created: 1
13:26:00 | INFO: Extracting primitive: Cube.061
13:26:00 | INFO: Primitives created: 1
13:26:00 | INFO: Extracting primitive: Cube.062
13:26:00 | INFO: Primitives created: 1
13:26:00 | INFO: Extracting primitive: Cube.063
13:26:00 | INFO: Primitives created: 1
13:26:00 | INFO: Extracting primitive: Cube.064
13:26:00 | INFO: Primitives created: 1
13:26:00 | INFO: Extracting primitive: R2 narrow tower window
13:26:00 | INFO: Primitives created: 1
13:26:00 | INFO: Extracting primitive: R2 window lower sill
13:26:00 | INFO: Primitives created: 1
13:26:00 | INFO: Extracting primitive: R2 narrow tower window.001
13:26:00 | INFO: Primitives created: 1
13:26:00 | INFO: Extracting primitive: R2 window lower sill.001
13:26:00 | INFO: Primitives created: 1
13:26:00 | INFO: Extracting primitive: R2 side slit window
13:26:00 | INFO: Primitives created: 1
13:26:00 | INFO: Extracting primitive: Cube.065
13:26:00 | INFO: Primitives created: 1
13:26:00 | INFO: Extracting primitive: Cube.066
13:26:00 | INFO: Primitives created: 1
13:26:00 | INFO: Extracting primitive: Cube.067
13:26:00 | INFO: Primitives created: 1
13:26:00 | INFO: Extracting primitive: Cube.068
13:26:00 | INFO: Primitives created: 1
13:26:00 | INFO: Extracting primitive: Cube.069
13:26:00 | INFO: Primitives created: 1
13:26:00 | INFO: Extracting primitive: Cube.070
13:26:00 | INFO: Primitives created: 1
13:26:00 | INFO: Extracting primitive: Cube.071
13:26:00 | INFO: Primitives created: 1
13:26:00 | INFO: Extracting primitive: Cube.072
13:26:00 | INFO: Primitives created: 1
13:26:00 | INFO: Extracting primitive: R2 fitted slate tile
13:26:00 | INFO: Primitives created: 1
13:26:00 | INFO: Extracting primitive: R2 slate lower lip
13:26:00 | INFO: Primitives created: 1
13:26:00 | INFO: Extracting primitive: R2 fitted slate tile.001
13:26:00 | INFO: Primitives created: 1
13:26:00 | INFO: Extracting primitive: R2 slate lower lip.001
13:26:00 | INFO: Primitives created: 1
13:26:00 | INFO: Extracting primitive: R2 fitted slate tile.002
13:26:00 | INFO: Primitives created: 1
13:26:00 | INFO: Extracting primitive: R2 slate lower lip.002
13:26:00 | INFO: Primitives created: 1
13:26:00 | INFO: Extracting primitive: R2 fitted slate tile.003
13:26:00 | INFO: Primitives created: 1
13:26:00 | INFO: Extracting primitive: R2 slate lower lip.003
13:26:00 | INFO: Primitives created: 1
13:26:00 | INFO: Extracting primitive: R2 fitted slate tile.004
13:26:00 | INFO: Primitives created: 1
13:26:00 | INFO: Extracting primitive: R2 slate lower lip.004
13:26:00 | INFO: Primitives created: 1
13:26:00 | INFO: Extracting primitive: R2 fitted slate tile.005
13:26:00 | INFO: Primitives created: 1
13:26:00 | INFO: Extracting primitive: R2 slate lower lip.005
13:26:00 | INFO: Primitives created: 1
13:26:00 | INFO: Extracting primitive: R2 fitted slate tile.006
13:26:00 | INFO: Primitives created: 1
13:26:00 | INFO: Extracting primitive: R2 slate lower lip.006
13:26:00 | INFO: Primitives created: 1
13:26:00 | INFO: Extracting primitive: R2 roof row seam
13:26:00 | INFO: Primitives created: 1
13:26:00 | INFO: Extracting primitive: R2 fitted slate tile.007
13:26:00 | INFO: Primitives created: 1
13:26:00 | INFO: Extracting primitive: R2 slate lower lip.007
13:26:00 | INFO: Primitives created: 1
13:26:00 | INFO: Extracting primitive: R2 fitted slate tile.008
13:26:00 | INFO: Primitives created: 1
13:26:00 | INFO: Extracting primitive: R2 slate lower lip.008
13:26:00 | INFO: Primitives created: 1
13:26:00 | INFO: Extracting primitive: R2 fitted slate tile.009
13:26:00 | INFO: Primitives created: 1
13:26:00 | INFO: Extracting primitive: R2 slate lower lip.009
13:26:00 | INFO: Primitives created: 1
13:26:00 | INFO: Extracting primitive: R2 fitted slate tile.010
13:26:00 | INFO: Primitives created: 1
13:26:00 | INFO: Extracting primitive: R2 slate lower lip.010
13:26:00 | INFO: Primitives created: 1
13:26:00 | INFO: Extracting primitive: R2 fitted slate tile.011
13:26:00 | INFO: Primitives created: 1
13:26:00 | INFO: Extracting primitive: R2 slate lower lip.011
13:26:00 | INFO: Primitives created: 1
13:26:00 | INFO: Extracting primitive: R2 fitted slate tile.012
13:26:00 | INFO: Primitives created: 1
13:26:00 | INFO: Extracting primitive: R2 slate lower lip.012
13:26:00 | INFO: Primitives created: 1
13:26:00 | INFO: Extracting primitive: R2 roof row seam.001
13:26:00 | INFO: Primitives created: 1
13:26:00 | INFO: Extracting primitive: R2 fitted slate tile.013
13:26:00 | INFO: Primitives created: 1
13:26:00 | INFO: Extracting primitive: R2 slate lower lip.013
13:26:00 | INFO: Primitives created: 1
13:26:00 | INFO: Extracting primitive: R2 fitted slate tile.014
13:26:00 | INFO: Primitives created: 1
13:26:00 | INFO: Extracting primitive: R2 slate lower lip.014
13:26:00 | INFO: Primitives created: 1
13:26:00 | INFO: Extracting primitive: R2 fitted slate tile.015
13:26:00 | INFO: Primitives created: 1
13:26:00 | INFO: Extracting primitive: R2 slate lower lip.015
13:26:00 | INFO: Primitives created: 1
13:26:00 | INFO: Extracting primitive: R2 fitted slate tile.016
13:26:00 | INFO: Primitives created: 1
13:26:00 | INFO: Extracting primitive: R2 slate lower lip.016
13:26:00 | INFO: Primitives created: 1
13:26:00 | INFO: Extracting primitive: R2 fitted slate tile.017
13:26:00 | INFO: Primitives created: 1
13:26:00 | INFO: Extracting primitive: R2 slate lower lip.017
13:26:00 | INFO: Primitives created: 1
13:26:00 | INFO: Extracting primitive: R2 roof row seam.002
13:26:00 | INFO: Primitives created: 1
13:26:00 | INFO: Extracting primitive: R2 fitted slate tile.018
13:26:00 | INFO: Primitives created: 1
13:26:00 | INFO: Extracting primitive: R2 slate lower lip.018
13:26:00 | INFO: Primitives created: 1
13:26:00 | INFO: Extracting primitive: R2 fitted slate tile.019
13:26:00 | INFO: Primitives created: 1
13:26:00 | INFO: Extracting primitive: R2 slate lower lip.019
13:26:00 | INFO: Primitives created: 1
13:26:00 | INFO: Extracting primitive: R2 fitted slate tile.020
13:26:00 | INFO: Primitives created: 1
13:26:00 | INFO: Extracting primitive: R2 slate lower lip.020
13:26:00 | INFO: Primitives created: 1
13:26:00 | INFO: Extracting primitive: R2 fitted slate tile.021
13:26:00 | INFO: Primitives created: 1
13:26:00 | INFO: Extracting primitive: R2 slate lower lip.021
13:26:00 | INFO: Primitives created: 1
13:26:00 | INFO: Extracting primitive: R2 roof row seam.003
13:26:00 | INFO: Primitives created: 1
13:26:00 | INFO: Extracting primitive: R2 fitted slate tile.022
13:26:00 | INFO: Primitives created: 1
13:26:00 | INFO: Extracting primitive: R2 slate lower lip.022
13:26:00 | INFO: Primitives created: 1
13:26:00 | INFO: Extracting primitive: R2 fitted slate tile.023
13:26:00 | INFO: Primitives created: 1
13:26:00 | INFO: Extracting primitive: R2 slate lower lip.023
13:26:00 | INFO: Primitives created: 1
13:26:00 | INFO: Extracting primitive: R2 fitted slate tile.024
13:26:00 | INFO: Primitives created: 1
13:26:00 | INFO: Extracting primitive: R2 slate lower lip.024
13:26:00 | INFO: Primitives created: 1
13:26:00 | INFO: Extracting primitive: R2 roof row seam.004
13:26:00 | INFO: Primitives created: 1
13:26:00 | INFO: Extracting primitive: R2 fitted slate tile.025
13:26:00 | INFO: Primitives created: 1
13:26:00 | INFO: Extracting primitive: R2 slate lower lip.025
13:26:00 | INFO: Primitives created: 1
13:26:00 | INFO: Extracting primitive: R2 fitted slate tile.026
13:26:00 | INFO: Primitives created: 1
13:26:00 | INFO: Extracting primitive: R2 slate lower lip.026
13:26:00 | INFO: Primitives created: 1
13:26:00 | INFO: Extracting primitive: R2 roof row seam.005
13:26:00 | INFO: Primitives created: 1
13:26:00 | INFO: Extracting primitive: R2 fitted slate tile.027
13:26:00 | INFO: Primitives created: 1
13:26:00 | INFO: Extracting primitive: R2 slate lower lip.027
13:26:00 | INFO: Primitives created: 1
13:26:00 | INFO: Extracting primitive: R2 fitted slate tile.028
13:26:00 | INFO: Primitives created: 1
13:26:00 | INFO: Extracting primitive: R2 slate lower lip.028
13:26:00 | INFO: Primitives created: 1
13:26:00 | INFO: Extracting primitive: R2 roof row seam.006
13:26:00 | INFO: Primitives created: 1
13:26:00 | INFO: Extracting primitive: R2 roof hip seam
13:26:00 | INFO: Primitives created: 1
13:26:00 | INFO: Extracting primitive: R2 roof hip seam.001
13:26:00 | INFO: Primitives created: 1
13:26:00 | INFO: Extracting primitive: R2 fitted slate tile.029
13:26:00 | INFO: Primitives created: 1
13:26:00 | INFO: Extracting primitive: R2 slate lower lip.029
13:26:00 | INFO: Primitives created: 1
13:26:00 | INFO: Extracting primitive: R2 fitted slate tile.030
13:26:00 | INFO: Primitives created: 1
13:26:00 | INFO: Extracting primitive: R2 slate lower lip.030
13:26:00 | INFO: Primitives created: 1
13:26:00 | INFO: Extracting primitive: R2 fitted slate tile.031
13:26:00 | INFO: Primitives created: 1
13:26:00 | INFO: Extracting primitive: R2 slate lower lip.031
13:26:00 | INFO: Primitives created: 1
13:26:00 | INFO: Extracting primitive: R2 fitted slate tile.032
13:26:00 | INFO: Primitives created: 1
13:26:00 | INFO: Extracting primitive: R2 slate lower lip.032
13:26:00 | INFO: Primitives created: 1
13:26:00 | INFO: Extracting primitive: R2 fitted slate tile.033
13:26:00 | INFO: Primitives created: 1
13:26:00 | INFO: Extracting primitive: R2 slate lower lip.033
13:26:00 | INFO: Primitives created: 1
13:26:00 | INFO: Extracting primitive: R2 fitted slate tile.034
13:26:00 | INFO: Primitives created: 1
13:26:00 | INFO: Extracting primitive: R2 slate lower lip.034
13:26:00 | INFO: Primitives created: 1
13:26:00 | INFO: Extracting primitive: R2 fitted slate tile.035
13:26:00 | INFO: Primitives created: 1
13:26:00 | INFO: Extracting primitive: R2 slate lower lip.035
13:26:00 | INFO: Primitives created: 1
13:26:00 | INFO: Extracting primitive: R2 roof row seam.007
13:26:00 | INFO: Primitives created: 1
13:26:00 | INFO: Extracting primitive: R2 fitted slate tile.036
13:26:00 | INFO: Primitives created: 1
13:26:00 | INFO: Extracting primitive: R2 slate lower lip.036
13:26:00 | INFO: Primitives created: 1
13:26:00 | INFO: Extracting primitive: R2 fitted slate tile.037
13:26:00 | INFO: Primitives created: 1
13:26:00 | INFO: Extracting primitive: R2 slate lower lip.037
13:26:00 | INFO: Primitives created: 1
13:26:00 | INFO: Extracting primitive: R2 fitted slate tile.038
13:26:00 | INFO: Primitives created: 1
13:26:00 | INFO: Extracting primitive: R2 slate lower lip.038
13:26:00 | INFO: Primitives created: 1
13:26:00 | INFO: Extracting primitive: R2 fitted slate tile.039
13:26:00 | INFO: Primitives created: 1
13:26:00 | INFO: Extracting primitive: R2 slate lower lip.039
13:26:00 | INFO: Primitives created: 1
13:26:00 | INFO: Extracting primitive: R2 fitted slate tile.040
13:26:00 | INFO: Primitives created: 1
13:26:00 | INFO: Extracting primitive: R2 slate lower lip.040
13:26:00 | INFO: Primitives created: 1
13:26:00 | INFO: Extracting primitive: R2 fitted slate tile.041
13:26:00 | INFO: Primitives created: 1
13:26:00 | INFO: Extracting primitive: R2 slate lower lip.041
13:26:00 | INFO: Primitives created: 1
13:26:00 | INFO: Extracting primitive: R2 roof row seam.008
13:26:00 | INFO: Primitives created: 1
13:26:00 | INFO: Extracting primitive: R2 fitted slate tile.042
13:26:00 | INFO: Primitives created: 1
13:26:00 | INFO: Extracting primitive: R2 slate lower lip.042
13:26:00 | INFO: Primitives created: 1
13:26:00 | INFO: Extracting primitive: R2 fitted slate tile.043
13:26:00 | INFO: Primitives created: 1
13:26:00 | INFO: Extracting primitive: R2 slate lower lip.043
13:26:00 | INFO: Primitives created: 1
13:26:00 | INFO: Extracting primitive: R2 fitted slate tile.044
13:26:00 | INFO: Primitives created: 1
13:26:00 | INFO: Extracting primitive: R2 slate lower lip.044
13:26:00 | INFO: Primitives created: 1
13:26:00 | INFO: Extracting primitive: R2 fitted slate tile.045
13:26:00 | INFO: Primitives created: 1
13:26:00 | INFO: Extracting primitive: R2 slate lower lip.045
13:26:00 | INFO: Primitives created: 1
13:26:00 | INFO: Extracting primitive: R2 fitted slate tile.046
13:26:00 | INFO: Primitives created: 1
13:26:00 | INFO: Extracting primitive: R2 slate lower lip.046
13:26:00 | INFO: Primitives created: 1
13:26:00 | INFO: Extracting primitive: R2 roof row seam.009
13:26:00 | INFO: Primitives created: 1
13:26:00 | INFO: Extracting primitive: R2 fitted slate tile.047
13:26:00 | INFO: Primitives created: 1
13:26:00 | INFO: Extracting primitive: R2 slate lower lip.047
13:26:00 | INFO: Primitives created: 1
13:26:00 | INFO: Extracting primitive: R2 fitted slate tile.048
13:26:00 | INFO: Primitives created: 1
13:26:00 | INFO: Extracting primitive: R2 slate lower lip.048
13:26:00 | INFO: Primitives created: 1
13:26:00 | INFO: Extracting primitive: R2 fitted slate tile.049
13:26:00 | INFO: Primitives created: 1
13:26:00 | INFO: Extracting primitive: R2 slate lower lip.049
13:26:00 | INFO: Primitives created: 1
13:26:00 | INFO: Extracting primitive: R2 fitted slate tile.050
13:26:00 | INFO: Primitives created: 1
13:26:00 | INFO: Extracting primitive: R2 slate lower lip.050
13:26:00 | INFO: Primitives created: 1
13:26:00 | INFO: Extracting primitive: R2 roof row seam.010
13:26:00 | INFO: Primitives created: 1
13:26:00 | INFO: Extracting primitive: R2 fitted slate tile.051
13:26:00 | INFO: Primitives created: 1
13:26:00 | INFO: Extracting primitive: R2 slate lower lip.051
13:26:00 | INFO: Primitives created: 1
13:26:00 | INFO: Extracting primitive: R2 fitted slate tile.052
13:26:00 | INFO: Primitives created: 1
13:26:00 | INFO: Extracting primitive: R2 slate lower lip.052
13:26:00 | INFO: Primitives created: 1
13:26:00 | INFO: Extracting primitive: R2 fitted slate tile.053
13:26:00 | INFO: Primitives created: 1
13:26:00 | INFO: Extracting primitive: R2 slate lower lip.053
13:26:00 | INFO: Primitives created: 1
13:26:00 | INFO: Extracting primitive: R2 roof row seam.011
13:26:00 | INFO: Primitives created: 1
13:26:00 | INFO: Extracting primitive: R2 fitted slate tile.054
13:26:00 | INFO: Primitives created: 1
13:26:00 | INFO: Extracting primitive: R2 slate lower lip.054
13:26:00 | INFO: Primitives created: 1
13:26:00 | INFO: Extracting primitive: R2 fitted slate tile.055
13:26:00 | INFO: Primitives created: 1
13:26:00 | INFO: Extracting primitive: R2 slate lower lip.055
13:26:00 | INFO: Primitives created: 1
13:26:00 | INFO: Extracting primitive: R2 roof row seam.012
13:26:00 | INFO: Primitives created: 1
13:26:00 | INFO: Extracting primitive: R2 fitted slate tile.056
13:26:00 | INFO: Primitives created: 1
13:26:00 | INFO: Extracting primitive: R2 slate lower lip.056
13:26:00 | INFO: Primitives created: 1
13:26:00 | INFO: Extracting primitive: R2 fitted slate tile.057
13:26:00 | INFO: Primitives created: 1
13:26:00 | INFO: Extracting primitive: R2 slate lower lip.057
13:26:00 | INFO: Primitives created: 1
13:26:00 | INFO: Extracting primitive: R2 roof row seam.013
13:26:00 | INFO: Primitives created: 1
13:26:00 | INFO: Extracting primitive: R2 roof hip seam.002
13:26:00 | INFO: Primitives created: 1
13:26:00 | INFO: Extracting primitive: R2 roof hip seam.003
13:26:00 | INFO: Primitives created: 1
13:26:00 | INFO: Extracting primitive: R2 fitted slate tile.058
13:26:00 | INFO: Primitives created: 1
13:26:00 | INFO: Extracting primitive: R2 slate lower lip.058
13:26:00 | INFO: Primitives created: 1
13:26:00 | INFO: Extracting primitive: R2 fitted slate tile.059
13:26:00 | INFO: Primitives created: 1
13:26:00 | INFO: Extracting primitive: R2 slate lower lip.059
13:26:00 | INFO: Primitives created: 1
13:26:00 | INFO: Extracting primitive: R2 fitted slate tile.060
13:26:00 | INFO: Primitives created: 1
13:26:00 | INFO: Extracting primitive: R2 slate lower lip.060
13:26:00 | INFO: Primitives created: 1
13:26:00 | INFO: Extracting primitive: R2 fitted slate tile.061
13:26:00 | INFO: Primitives created: 1
13:26:00 | INFO: Extracting primitive: R2 slate lower lip.061
13:26:00 | INFO: Primitives created: 1
13:26:00 | INFO: Extracting primitive: R2 fitted slate tile.062
13:26:00 | INFO: Primitives created: 1
13:26:00 | INFO: Extracting primitive: R2 slate lower lip.062
13:26:00 | INFO: Primitives created: 1
13:26:00 | INFO: Extracting primitive: R2 fitted slate tile.063
13:26:00 | INFO: Primitives created: 1
13:26:00 | INFO: Extracting primitive: R2 slate lower lip.063
13:26:00 | INFO: Primitives created: 1
13:26:00 | INFO: Extracting primitive: R2 fitted slate tile.064
13:26:00 | INFO: Primitives created: 1
13:26:00 | INFO: Extracting primitive: R2 slate lower lip.064
13:26:00 | INFO: Primitives created: 1
13:26:00 | INFO: Extracting primitive: R2 roof row seam.014
13:26:00 | INFO: Primitives created: 1
13:26:00 | INFO: Extracting primitive: R2 fitted slate tile.065
13:26:00 | INFO: Primitives created: 1
13:26:00 | INFO: Extracting primitive: R2 slate lower lip.065
13:26:00 | INFO: Primitives created: 1
13:26:00 | INFO: Extracting primitive: R2 fitted slate tile.066
13:26:00 | INFO: Primitives created: 1
13:26:00 | INFO: Extracting primitive: R2 slate lower lip.066
13:26:00 | INFO: Primitives created: 1
13:26:00 | INFO: Extracting primitive: R2 fitted slate tile.067
13:26:00 | INFO: Primitives created: 1
13:26:00 | INFO: Extracting primitive: R2 slate lower lip.067
13:26:00 | INFO: Primitives created: 1
13:26:00 | INFO: Extracting primitive: R2 fitted slate tile.068
13:26:00 | INFO: Primitives created: 1
13:26:00 | INFO: Extracting primitive: R2 slate lower lip.068
13:26:00 | INFO: Primitives created: 1
13:26:00 | INFO: Extracting primitive: R2 fitted slate tile.069
13:26:00 | INFO: Primitives created: 1
13:26:00 | INFO: Extracting primitive: R2 slate lower lip.069
13:26:00 | INFO: Primitives created: 1
13:26:00 | INFO: Extracting primitive: R2 fitted slate tile.070
13:26:00 | INFO: Primitives created: 1
13:26:00 | INFO: Extracting primitive: R2 slate lower lip.070
13:26:00 | INFO: Primitives created: 1
13:26:00 | INFO: Extracting primitive: R2 roof row seam.015
13:26:00 | INFO: Primitives created: 1
13:26:00 | INFO: Extracting primitive: R2 fitted slate tile.071
13:26:00 | INFO: Primitives created: 1
13:26:00 | INFO: Extracting primitive: R2 slate lower lip.071
13:26:00 | INFO: Primitives created: 1
13:26:00 | INFO: Extracting primitive: R2 fitted slate tile.072
13:26:00 | INFO: Primitives created: 1
13:26:00 | INFO: Extracting primitive: R2 slate lower lip.072
13:26:00 | INFO: Primitives created: 1
13:26:00 | INFO: Extracting primitive: R2 fitted slate tile.073
13:26:00 | INFO: Primitives created: 1
13:26:00 | INFO: Extracting primitive: R2 slate lower lip.073
13:26:00 | INFO: Primitives created: 1
13:26:00 | INFO: Extracting primitive: R2 fitted slate tile.074
13:26:00 | INFO: Primitives created: 1
13:26:00 | INFO: Extracting primitive: R2 slate lower lip.074
13:26:00 | INFO: Primitives created: 1
13:26:00 | INFO: Extracting primitive: R2 fitted slate tile.075
13:26:00 | INFO: Primitives created: 1
13:26:00 | INFO: Extracting primitive: R2 slate lower lip.075
13:26:00 | INFO: Primitives created: 1
13:26:00 | INFO: Extracting primitive: R2 roof row seam.016
13:26:00 | INFO: Primitives created: 1
13:26:00 | INFO: Extracting primitive: R2 fitted slate tile.076
13:26:00 | INFO: Primitives created: 1
13:26:00 | INFO: Extracting primitive: R2 slate lower lip.076
13:26:00 | INFO: Primitives created: 1
13:26:00 | INFO: Extracting primitive: R2 fitted slate tile.077
13:26:00 | INFO: Primitives created: 1
13:26:00 | INFO: Extracting primitive: R2 slate lower lip.077
13:26:00 | INFO: Primitives created: 1
13:26:00 | INFO: Extracting primitive: R2 fitted slate tile.078
13:26:00 | INFO: Primitives created: 1
13:26:00 | INFO: Extracting primitive: R2 slate lower lip.078
13:26:00 | INFO: Primitives created: 1
13:26:00 | INFO: Extracting primitive: R2 fitted slate tile.079
13:26:00 | INFO: Primitives created: 1
13:26:00 | INFO: Extracting primitive: R2 slate lower lip.079
13:26:00 | INFO: Primitives created: 1
13:26:00 | INFO: Extracting primitive: R2 roof row seam.017
13:26:00 | INFO: Primitives created: 1
13:26:00 | INFO: Extracting primitive: R2 fitted slate tile.080
13:26:00 | INFO: Primitives created: 1
13:26:00 | INFO: Extracting primitive: R2 slate lower lip.080
13:26:00 | INFO: Primitives created: 1
13:26:00 | INFO: Extracting primitive: R2 fitted slate tile.081
13:26:00 | INFO: Primitives created: 1
13:26:00 | INFO: Extracting primitive: R2 slate lower lip.081
13:26:00 | INFO: Primitives created: 1
13:26:00 | INFO: Extracting primitive: R2 fitted slate tile.082
13:26:00 | INFO: Primitives created: 1
13:26:00 | INFO: Extracting primitive: R2 slate lower lip.082
13:26:00 | INFO: Primitives created: 1
13:26:00 | INFO: Extracting primitive: R2 roof row seam.018
13:26:00 | INFO: Primitives created: 1
13:26:00 | INFO: Extracting primitive: R2 fitted slate tile.083
13:26:00 | INFO: Primitives created: 1
13:26:00 | INFO: Extracting primitive: R2 slate lower lip.083
13:26:00 | INFO: Primitives created: 1
13:26:00 | INFO: Extracting primitive: R2 fitted slate tile.084
13:26:00 | INFO: Primitives created: 1
13:26:00 | INFO: Extracting primitive: R2 slate lower lip.084
13:26:00 | INFO: Primitives created: 1
13:26:00 | INFO: Extracting primitive: R2 roof row seam.019
13:26:00 | INFO: Primitives created: 1
13:26:00 | INFO: Extracting primitive: R2 fitted slate tile.085
13:26:00 | INFO: Primitives created: 1
13:26:00 | INFO: Extracting primitive: R2 slate lower lip.085
13:26:00 | INFO: Primitives created: 1
13:26:00 | INFO: Extracting primitive: R2 fitted slate tile.086
13:26:00 | INFO: Primitives created: 1
13:26:00 | INFO: Extracting primitive: R2 slate lower lip.086
13:26:00 | INFO: Primitives created: 1
13:26:00 | INFO: Extracting primitive: R2 roof row seam.020
13:26:00 | INFO: Primitives created: 1
13:26:00 | INFO: Extracting primitive: R2 roof hip seam.004
13:26:00 | INFO: Primitives created: 1
13:26:00 | INFO: Extracting primitive: R2 roof hip seam.005
13:26:00 | INFO: Primitives created: 1
13:26:00 | INFO: Extracting primitive: R2 fitted slate tile.087
13:26:00 | INFO: Primitives created: 1
13:26:00 | INFO: Extracting primitive: R2 slate lower lip.087
13:26:00 | INFO: Primitives created: 1
13:26:00 | INFO: Extracting primitive: R2 fitted slate tile.088
13:26:00 | INFO: Primitives created: 1
13:26:00 | INFO: Extracting primitive: R2 slate lower lip.088
13:26:00 | INFO: Primitives created: 1
13:26:00 | INFO: Extracting primitive: R2 fitted slate tile.089
13:26:00 | INFO: Primitives created: 1
13:26:00 | INFO: Extracting primitive: R2 slate lower lip.089
13:26:00 | INFO: Primitives created: 1
13:26:00 | INFO: Extracting primitive: R2 fitted slate tile.090
13:26:00 | INFO: Primitives created: 1
13:26:00 | INFO: Extracting primitive: R2 slate lower lip.090
13:26:00 | INFO: Primitives created: 1
13:26:00 | INFO: Extracting primitive: R2 fitted slate tile.091
13:26:00 | INFO: Primitives created: 1
13:26:00 | INFO: Extracting primitive: R2 slate lower lip.091
13:26:00 | INFO: Primitives created: 1
13:26:00 | INFO: Extracting primitive: R2 fitted slate tile.092
13:26:00 | INFO: Primitives created: 1
13:26:00 | INFO: Extracting primitive: R2 slate lower lip.092
13:26:00 | INFO: Primitives created: 1
13:26:00 | INFO: Extracting primitive: R2 fitted slate tile.093
13:26:00 | INFO: Primitives created: 1
13:26:00 | INFO: Extracting primitive: R2 slate lower lip.093
13:26:00 | INFO: Primitives created: 1
13:26:00 | INFO: Extracting primitive: R2 roof row seam.021
13:26:00 | INFO: Primitives created: 1
13:26:00 | INFO: Extracting primitive: R2 fitted slate tile.094
13:26:00 | INFO: Primitives created: 1
13:26:00 | INFO: Extracting primitive: R2 slate lower lip.094
13:26:00 | INFO: Primitives created: 1
13:26:00 | INFO: Extracting primitive: R2 fitted slate tile.095
13:26:00 | INFO: Primitives created: 1
13:26:00 | INFO: Extracting primitive: R2 slate lower lip.095
13:26:00 | INFO: Primitives created: 1
13:26:00 | INFO: Extracting primitive: R2 fitted slate tile.096
13:26:00 | INFO: Primitives created: 1
13:26:00 | INFO: Extracting primitive: R2 slate lower lip.096
13:26:00 | INFO: Primitives created: 1
13:26:00 | INFO: Extracting primitive: R2 fitted slate tile.097
13:26:00 | INFO: Primitives created: 1
13:26:00 | INFO: Extracting primitive: R2 slate lower lip.097
13:26:00 | INFO: Primitives created: 1
13:26:00 | INFO: Extracting primitive: R2 fitted slate tile.098
13:26:00 | INFO: Primitives created: 1
13:26:00 | INFO: Extracting primitive: R2 slate lower lip.098
13:26:00 | INFO: Primitives created: 1
13:26:00 | INFO: Extracting primitive: R2 fitted slate tile.099
13:26:00 | INFO: Primitives created: 1
13:26:00 | INFO: Extracting primitive: R2 slate lower lip.099
13:26:00 | INFO: Primitives created: 1
13:26:00 | INFO: Extracting primitive: R2 roof row seam.022
13:26:00 | INFO: Primitives created: 1
13:26:00 | INFO: Extracting primitive: R2 fitted slate tile.100
13:26:00 | INFO: Primitives created: 1
13:26:00 | INFO: Extracting primitive: R2 slate lower lip.100
13:26:00 | INFO: Primitives created: 1
13:26:00 | INFO: Extracting primitive: R2 fitted slate tile.101
13:26:00 | INFO: Primitives created: 1
13:26:00 | INFO: Extracting primitive: R2 slate lower lip.101
13:26:00 | INFO: Primitives created: 1
13:26:00 | INFO: Extracting primitive: R2 fitted slate tile.102
13:26:00 | INFO: Primitives created: 1
13:26:00 | INFO: Extracting primitive: R2 slate lower lip.102
13:26:00 | INFO: Primitives created: 1
13:26:00 | INFO: Extracting primitive: R2 fitted slate tile.103
13:26:00 | INFO: Primitives created: 1
13:26:00 | INFO: Extracting primitive: R2 slate lower lip.103
13:26:00 | INFO: Primitives created: 1
13:26:00 | INFO: Extracting primitive: R2 fitted slate tile.104
13:26:00 | INFO: Primitives created: 1
13:26:00 | INFO: Extracting primitive: R2 slate lower lip.104
13:26:00 | INFO: Primitives created: 1
13:26:00 | INFO: Extracting primitive: R2 roof row seam.023
13:26:00 | INFO: Primitives created: 1
13:26:00 | INFO: Extracting primitive: R2 fitted slate tile.105
13:26:00 | INFO: Primitives created: 1
13:26:00 | INFO: Extracting primitive: R2 slate lower lip.105
13:26:00 | INFO: Primitives created: 1
13:26:00 | INFO: Extracting primitive: R2 fitted slate tile.106
13:26:00 | INFO: Primitives created: 1
13:26:00 | INFO: Extracting primitive: R2 slate lower lip.106
13:26:00 | INFO: Primitives created: 1
13:26:00 | INFO: Extracting primitive: R2 fitted slate tile.107
13:26:00 | INFO: Primitives created: 1
13:26:00 | INFO: Extracting primitive: R2 slate lower lip.107
13:26:00 | INFO: Primitives created: 1
13:26:00 | INFO: Extracting primitive: R2 fitted slate tile.108
13:26:00 | INFO: Primitives created: 1
13:26:00 | INFO: Extracting primitive: R2 slate lower lip.108
13:26:00 | INFO: Primitives created: 1
13:26:00 | INFO: Extracting primitive: R2 roof row seam.024
13:26:00 | INFO: Primitives created: 1
13:26:00 | INFO: Extracting primitive: R2 fitted slate tile.109
13:26:00 | INFO: Primitives created: 1
13:26:00 | INFO: Extracting primitive: R2 slate lower lip.109
13:26:00 | INFO: Primitives created: 1
13:26:00 | INFO: Extracting primitive: R2 fitted slate tile.110
13:26:00 | INFO: Primitives created: 1
13:26:00 | INFO: Extracting primitive: R2 slate lower lip.110
13:26:00 | INFO: Primitives created: 1
13:26:00 | INFO: Extracting primitive: R2 fitted slate tile.111
13:26:00 | INFO: Primitives created: 1
13:26:00 | INFO: Extracting primitive: R2 slate lower lip.111
13:26:00 | INFO: Primitives created: 1
13:26:00 | INFO: Extracting primitive: R2 roof row seam.025
13:26:00 | INFO: Primitives created: 1
13:26:00 | INFO: Extracting primitive: R2 fitted slate tile.112
13:26:00 | INFO: Primitives created: 1
13:26:00 | INFO: Extracting primitive: R2 slate lower lip.112
13:26:00 | INFO: Primitives created: 1
13:26:00 | INFO: Extracting primitive: R2 fitted slate tile.113
13:26:00 | INFO: Primitives created: 1
13:26:00 | INFO: Extracting primitive: R2 slate lower lip.113
13:26:00 | INFO: Primitives created: 1
13:26:00 | INFO: Extracting primitive: R2 roof row seam.026
13:26:00 | INFO: Primitives created: 1
13:26:00 | INFO: Extracting primitive: R2 fitted slate tile.114
13:26:00 | INFO: Primitives created: 1
13:26:00 | INFO: Extracting primitive: R2 slate lower lip.114
13:26:00 | INFO: Primitives created: 1
13:26:00 | INFO: Extracting primitive: R2 fitted slate tile.115
13:26:00 | INFO: Primitives created: 1
13:26:00 | INFO: Extracting primitive: R2 slate lower lip.115
13:26:00 | INFO: Primitives created: 1
13:26:00 | INFO: Extracting primitive: R2 roof row seam.027
13:26:00 | INFO: Primitives created: 1
13:26:00 | INFO: Extracting primitive: R2 roof hip seam.006
13:26:00 | INFO: Primitives created: 1
13:26:00 | INFO: Extracting primitive: R2 roof hip seam.007
13:26:00 | INFO: Primitives created: 1
13:26:00 | INFO: Finished glTF 2.0 export in 0.5010759830474854 s
Fra:1 Mem:56.84M (Peak 76.57M) | Time:00:00.02 | Mem:0.00M, Peak:0.00M | Scene, ViewLayer | Synchronizing object | Backboard edge
Fra:1 Mem:56.86M (Peak 76.57M) | Time:00:00.02 | Mem:0.00M, Peak:0.00M | Scene, ViewLayer | Synchronizing object | Backboard edge.001
Fra:1 Mem:56.91M (Peak 76.57M) | Time:00:00.02 | Mem:0.00M, Peak:0.00M | Scene, ViewLayer | Synchronizing object | Backboard edge.002
Fra:1 Mem:56.93M (Peak 76.57M) | Time:00:00.02 | Mem:0.00M, Peak:0.00M | Scene, ViewLayer | Synchronizing object | Backboard.001
Fra:1 Mem:56.99M (Peak 76.57M) | Time:00:00.02 | Mem:0.00M, Peak:0.00M | Scene, ViewLayer | Synchronizing object | Backboard edge.003
Fra:1 Mem:57.03M (Peak 76.57M) | Time:00:00.02 | Mem:0.00M, Peak:0.00M | Scene, ViewLayer | Synchronizing object | Backboard edge.004
Fra:1 Mem:57.03M (Peak 76.57M) | Time:00:00.02 | Mem:0.00M, Peak:0.00M | Scene, ViewLayer | Synchronizing object | Backboard.002
Fra:1 Mem:57.12M (Peak 76.57M) | Time:00:00.02 | Mem:0.00M, Peak:0.00M | Scene, ViewLayer | Synchronizing object | Backboard edge.005
Fra:1 Mem:57.12M (Peak 76.57M) | Time:00:00.02 | Mem:0.00M, Peak:0.00M | Scene, ViewLayer | Synchronizing object | Backboard.003
Fra:1 Mem:57.12M (Peak 76.57M) | Time:00:00.02 | Mem:0.00M, Peak:0.00M | Scene, ViewLayer | Synchronizing object | Backboard edge.006
Fra:1 Mem:57.17M (Peak 76.57M) | Time:00:00.02 | Mem:0.00M, Peak:0.00M | Scene, ViewLayer | Synchronizing object | Backboard edge.007
Fra:1 Mem:57.21M (Peak 76.57M) | Time:00:00.02 | Mem:0.00M, Peak:0.00M | Scene, ViewLayer | Synchronizing object | Backboard edge.008
Fra:1 Mem:57.22M (Peak 76.57M) | Time:00:00.02 | Mem:0.00M, Peak:0.00M | Scene, ViewLayer | Synchronizing object | Backboard.004
Fra:1 Mem:57.23M (Peak 76.57M) | Time:00:00.02 | Mem:0.00M, Peak:0.00M | Scene, ViewLayer | Synchronizing object | Backboard edge.009
Fra:1 Mem:57.28M (Peak 76.57M) | Time:00:00.02 | Mem:0.00M, Peak:0.00M | Scene, ViewLayer | Synchronizing object | Backboard.005
Fra:1 Mem:57.28M (Peak 76.57M) | Time:00:00.02 | Mem:0.00M, Peak:0.00M | Scene, ViewLayer | Synchronizing object | Backboard edge.010
Fra:1 Mem:57.34M (Peak 76.57M) | Time:00:00.02 | Mem:0.00M, Peak:0.00M | Scene, ViewLayer | Synchronizing object | Backboard edge.011
Fra:1 Mem:57.39M (Peak 76.57M) | Time:00:00.02 | Mem:0.00M, Peak:0.00M | Scene, ViewLayer | Synchronizing object | Backboard edge.012
Fra:1 Mem:57.40M (Peak 76.57M) | Time:00:00.02 | Mem:0.00M, Peak:0.00M | Scene, ViewLayer | Synchronizing object | Backboard.006
Fra:1 Mem:57.44M (Peak 76.57M) | Time:00:00.02 | Mem:0.00M, Peak:0.00M | Scene, ViewLayer | Synchronizing object | Backboard edge.013
Fra:1 Mem:57.49M (Peak 76.57M) | Time:00:00.02 | Mem:0.00M, Peak:0.00M | Scene, ViewLayer | Synchronizing object | Backboard.007
Fra:1 Mem:57.49M (Peak 76.57M) | Time:00:00.02 | Mem:0.00M, Peak:0.00M | Scene, ViewLayer | Synchronizing object | Backboard edge.014
Fra:1 Mem:57.56M (Peak 76.57M) | Time:00:00.02 | Mem:0.00M, Peak:0.00M | Scene, ViewLayer | Synchronizing object | Backboard edge.015
Fra:1 Mem:57.58M (Peak 76.57M) | Time:00:00.02 | Mem:0.00M, Peak:0.00M | Scene, ViewLayer | Synchronizing object | Backboard.008
Fra:1 Mem:57.58M (Peak 76.57M) | Time:00:00.02 | Mem:0.00M, Peak:0.00M | Scene, ViewLayer | Synchronizing object | Backboard edge.016
Fra:1 Mem:57.65M (Peak 76.57M) | Time:00:00.02 | Mem:0.00M, Peak:0.00M | Scene, ViewLayer | Synchronizing object | Backboard edge.017
Fra:1 Mem:57.67M (Peak 76.57M) | Time:00:00.02 | Mem:0.00M, Peak:0.00M | Scene, ViewLayer | Synchronizing object | Backboard.009
Fra:1 Mem:57.67M (Peak 76.57M) | Time:00:00.02 | Mem:0.00M, Peak:0.00M | Scene, ViewLayer | Synchronizing object | Backboard edge.018
Fra:1 Mem:57.73M (Peak 76.57M) | Time:00:00.02 | Mem:0.00M, Peak:0.00M | Scene, ViewLayer | Synchronizing object | Backboard edge.019
Fra:1 Mem:57.76M (Peak 76.57M) | Time:00:00.02 | Mem:0.00M, Peak:0.00M | Scene, ViewLayer | Synchronizing object | Top frame edge
Fra:1 Mem:57.78M (Peak 76.57M) | Time:00:00.02 | Mem:0.00M, Peak:0.00M | Scene, ViewLayer | Synchronizing object | Top frame edge.001
Fra:1 Mem:57.79M (Peak 76.57M) | Time:00:00.02 | Mem:0.00M, Peak:0.00M | Scene, ViewLayer | Synchronizing object | Bottom frame
Fra:1 Mem:57.79M (Peak 76.57M) | Time:00:00.02 | Mem:0.00M, Peak:0.00M | Scene, ViewLayer | Synchronizing object | Bottom frame edge
Fra:1 Mem:57.87M (Peak 76.57M) | Time:00:00.02 | Mem:0.00M, Peak:0.00M | Scene, ViewLayer | Synchronizing object | Bottom frame edge.001
Fra:1 Mem:57.89M (Peak 76.57M) | Time:00:00.02 | Mem:0.00M, Peak:0.00M | Scene, ViewLayer | Synchronizing object | Left frame edge
Fra:1 Mem:57.89M (Peak 76.57M) | Time:00:00.02 | Mem:0.00M, Peak:0.00M | Scene, ViewLayer | Synchronizing object | Left frame
Fra:1 Mem:57.94M (Peak 76.57M) | Time:00:00.02 | Mem:0.00M, Peak:0.00M | Scene, ViewLayer | Synchronizing object | Left frame edge.001
Fra:1 Mem:57.98M (Peak 76.57M) | Time:00:00.02 | Mem:0.00M, Peak:0.00M | Scene, ViewLayer | Synchronizing object | Right frame
Fra:1 Mem:57.98M (Peak 76.57M) | Time:00:00.02 | Mem:0.00M, Peak:0.00M | Scene, ViewLayer | Synchronizing object | Right frame edge
Fra:1 Mem:58.05M (Peak 76.57M) | Time:00:00.02 | Mem:0.00M, Peak:0.00M | Scene, ViewLayer | Synchronizing object | Right frame edge.001
Fra:1 Mem:58.07M (Peak 76.57M) | Time:00:00.02 | Mem:0.00M, Peak:0.00M | Scene, ViewLayer | Synchronizing object | Middle rail
Fra:1 Mem:58.07M (Peak 76.57M) | Time:00:00.02 | Mem:0.00M, Peak:0.00M | Scene, ViewLayer | Synchronizing object | Middle rail edge
Fra:1 Mem:58.12M (Peak 76.57M) | Time:00:00.02 | Mem:0.00M, Peak:0.00M | Scene, ViewLayer | Synchronizing object | Middle rail edge.001
Fra:1 Mem:58.16M (Peak 76.57M) | Time:00:00.02 | Mem:0.00M, Peak:0.00M | Scene, ViewLayer | Synchronizing object | Wand shelf
Fra:1 Mem:58.17M (Peak 76.57M) | Time:00:00.02 | Mem:0.00M, Peak:0.00M | Scene, ViewLayer | Synchronizing object | Wand shelf edge
Fra:1 Mem:58.22M (Peak 76.57M) | Time:00:00.02 | Mem:0.00M, Peak:0.00M | Scene, ViewLayer | Synchronizing object | Wand shelf edge.001
Fra:1 Mem:58.29M (Peak 76.57M) | Time:00:00.02 | Mem:0.00M, Peak:0.00M | Scene, ViewLayer | Synchronizing object | Iron corner plate
Fra:1 Mem:58.29M (Peak 76.57M) | Time:00:00.02 | Mem:0.00M, Peak:0.00M | Scene, ViewLayer | Synchronizing object | Sphere
Fra:1 Mem:58.29M (Peak 76.57M) | Time:00:00.02 | Mem:0.00M, Peak:0.00M | Scene, ViewLayer | Synchronizing object | Sphere.001
Fra:1 Mem:58.30M (Peak 76.57M) | Time:00:00.02 | Mem:0.00M, Peak:0.00M | Scene, ViewLayer | Synchronizing object | Iron corner plate.001
Fra:1 Mem:58.30M (Peak 76.57M) | Time:00:00.02 | Mem:0.00M, Peak:0.00M | Scene, ViewLayer | Synchronizing object | Sphere.002
Fra:1 Mem:58.31M (Peak 76.57M) | Time:00:00.02 | Mem:0.00M, Peak:0.00M | Scene, ViewLayer | Synchronizing object | Sphere.003
Fra:1 Mem:58.33M (Peak 76.57M) | Time:00:00.02 | Mem:0.00M, Peak:0.00M | Scene, ViewLayer | Synchronizing object | Iron corner plate.002
Fra:1 Mem:58.33M (Peak 76.57M) | Time:00:00.02 | Mem:0.00M, Peak:0.00M | Scene, ViewLayer | Synchronizing object | Sphere.005
Fra:1 Mem:58.33M (Peak 76.57M) | Time:00:00.02 | Mem:0.00M, Peak:0.00M | Scene, ViewLayer | Synchronizing object | Iron corner plate.003
Fra:1 Mem:58.33M (Peak 76.57M) | Time:00:00.02 | Mem:0.00M, Peak:0.00M | Scene, ViewLayer | Synchronizing object | Sphere.007
Fra:1 Mem:58.34M (Peak 76.57M) | Time:00:00.02 | Mem:0.00M, Peak:0.00M | Scene, ViewLayer | Synchronizing object | TagAcquire
Fra:1 Mem:58.34M (Peak 76.57M) | Time:00:00.02 | Mem:0.00M, Peak:0.00M | Scene, ViewLayer | Synchronizing object | TagAcquire cut edge
Fra:1 Mem:58.51M (Peak 76.57M) | Time:00:00.02 | Mem:0.00M, Peak:0.00M | Scene, ViewLayer | Synchronizing object | TagArmor cut edge
Fra:1 Mem:58.54M (Peak 76.57M) | Time:00:00.02 | Mem:0.00M, Peak:0.00M | Scene, ViewLayer | Synchronizing object | TagArmor
Fra:1 Mem:58.64M (Peak 76.57M) | Time:00:00.02 | Mem:0.00M, Peak:0.00M | Scene, ViewLayer | Synchronizing object | OneWand
Fra:1 Mem:58.65M (Peak 76.57M) | Time:00:00.02 | Mem:0.00M, Peak:0.00M | Scene, ViewLayer | Synchronizing object | Wand support
Fra:1 Mem:58.66M (Peak 76.57M) | Time:00:00.02 | Mem:0.00M, Peak:0.00M | Scene, ViewLayer | Synchronizing object | Wand support.001
Fra:1 Mem:58.71M (Peak 76.57M) | Time:00:00.02 | Mem:0.00M, Peak:0.00M | Scene, ViewLayer | Synchronizing object | Inlay socket
Fra:1 Mem:58.78M (Peak 76.57M) | Time:00:00.02 | Mem:0.00M, Peak:0.00M | Scene, ViewLayer | Synchronizing object | Inlay socket.001
Fra:1 Mem:58.82M (Peak 76.57M) | Time:00:00.02 | Mem:0.00M, Peak:0.00M | Scene, ViewLayer | Synchronizing object | Inlay highlight
Fra:1 Mem:58.82M (Peak 76.57M) | Time:00:00.02 | Mem:0.00M, Peak:0.00M | Scene, ViewLayer | Synchronizing object | MapPaper
Fra:1 Mem:58.87M (Peak 76.57M) | Time:00:00.02 | Mem:0.00M, Peak:0.00M | Scene, ViewLayer | Synchronizing object | MapPaper cut edge
Fra:1 Mem:58.99M (Peak 76.57M) | Time:00:00.02 | Mem:0.00M, Peak:0.00M | Scene, ViewLayer | Synchronizing object | EncounterTokenBase
Fra:1 Mem:58.99M (Peak 76.57M) | Time:00:00.02 | Mem:0.00M, Peak:0.00M | Scene, ViewLayer | Synchronizing object | Cylinder
Fra:1 Mem:58.99M (Peak 76.57M) | Time:00:00.02 | Mem:0.00M, Peak:0.00M | Scene, ViewLayer | Synchronizing object | Door
Fra:1 Mem:58.99M (Peak 76.57M) | Time:00:00.02 | Mem:0.00M, Peak:0.00M | Scene, ViewLayer | Synchronizing object | Finial
Fra:1 Mem:59.00M (Peak 76.57M) | Time:00:00.02 | Mem:0.00M, Peak:0.00M | Scene, ViewLayer | Synchronizing object | Key
Fra:1 Mem:59.00M (Peak 76.57M) | Time:00:00.02 | Mem:0.00M, Peak:0.00M | Scene, ViewLayer | Synchronizing object | R2 folded lining perimeter
Fra:1 Mem:59.01M (Peak 76.57M) | Time:00:00.02 | Mem:0.00M, Peak:0.00M | Scene, ViewLayer | Synchronizing object | R2 tag tied cord loop
Fra:1 Mem:59.05M (Peak 76.57M) | Time:00:00.02 | Mem:0.00M, Peak:0.00M | Scene, ViewLayer | Synchronizing object | R2 tag cord short tail
Fra:1 Mem:59.06M (Peak 76.57M) | Time:00:00.02 | Mem:0.00M, Peak:0.00M | Scene, ViewLayer | Synchronizing object | R2 tag tied cord loop.001
Fra:1 Mem:59.06M (Peak 76.57M) | Time:00:00.02 | Mem:0.00M, Peak:0.00M | Scene, ViewLayer | Synchronizing object | R2 existing tag peg head
Fra:1 Mem:59.10M (Peak 76.57M) | Time:00:00.02 | Mem:0.00M, Peak:0.00M | Scene, ViewLayer | Synchronizing object | R2 tag cord short tail.001
Fra:1 Mem:59.11M (Peak 76.57M) | Time:00:00.02 | Mem:0.00M, Peak:0.00M | Scene, ViewLayer | Synchronizing object | R2 existing tag peg head.001
Fra:1 Mem:59.11M (Peak 76.57M) | Time:00:00.02 | Mem:0.00M, Peak:0.00M | Scene, ViewLayer | Synchronizing object | R2 shaft ink fissure
Fra:1 Mem:59.20M (Peak 76.57M) | Time:00:00.02 | Mem:0.00M, Peak:0.00M | Scene, ViewLayer | Synchronizing object | R2 shaft ink fissure.001
Fra:1 Mem:59.29M (Peak 76.57M) | Time:00:00.02 | Mem:0.00M, Peak:0.00M | Scene, ViewLayer | Synchronizing object | R2 shaft ink fissure.002
Fra:1 Mem:59.38M (Peak 76.57M) | Time:00:00.02 | Mem:0.00M, Peak:0.00M | Scene, ViewLayer | Synchronizing object | R2 exposed warm grey bark ridge
Fra:1 Mem:59.42M (Peak 76.57M) | Time:00:00.02 | Mem:0.00M, Peak:0.00M | Scene, ViewLayer | Synchronizing object | R2 exposed warm grey bark ridge.001
Fra:1 Mem:59.46M (Peak 76.57M) | Time:00:00.02 | Mem:0.00M, Peak:0.00M | Scene, ViewLayer | Synchronizing object | R2 exposed warm grey bark ridge.002
Fra:1 Mem:59.51M (Peak 76.57M) | Time:00:00.02 | Mem:0.00M, Peak:0.00M | Scene, ViewLayer | Synchronizing object | R2 wandering bark root
Fra:1 Mem:59.60M (Peak 76.57M) | Time:00:00.02 | Mem:0.00M, Peak:0.00M | Scene, ViewLayer | Synchronizing object | R2 wandering bark root.001
Fra:1 Mem:59.69M (Peak 76.57M) | Time:00:00.02 | Mem:0.00M, Peak:0.00M | Scene, ViewLayer | Synchronizing object | R2 knot heart ring
Fra:1 Mem:59.72M (Peak 76.57M) | Time:00:00.02 | Mem:0.00M, Peak:0.00M | Scene, ViewLayer | Synchronizing object | R2 grown branch knot
Fra:1 Mem:59.73M (Peak 76.57M) | Time:00:00.02 | Mem:0.00M, Peak:0.00M | Scene, ViewLayer | Synchronizing object | R2 knot heart ring.001
Fra:1 Mem:59.78M (Peak 76.57M) | Time:00:00.02 | Mem:0.00M, Peak:0.00M | Scene, ViewLayer | Synchronizing object | R2 grown branch knot.001
Fra:1 Mem:59.78M (Peak 76.57M) | Time:00:00.02 | Mem:0.00M, Peak:0.00M | Scene, ViewLayer | Synchronizing object | R2 knot heart ring.002
Fra:1 Mem:59.83M (Peak 76.57M) | Time:00:00.02 | Mem:0.00M, Peak:0.00M | Scene, ViewLayer | Synchronizing object | R2 knot heart ring.003
Fra:1 Mem:59.87M (Peak 76.57M) | Time:00:00.02 | Mem:0.00M, Peak:0.00M | Scene, ViewLayer | Synchronizing object | R2 worn copper grip band
Fra:1 Mem:59.91M (Peak 76.57M) | Time:00:00.02 | Mem:0.00M, Peak:0.00M | Scene, ViewLayer | Synchronizing object | R2 worn copper grip band.001
Fra:1 Mem:59.94M (Peak 76.57M) | Time:00:00.02 | Mem:0.00M, Peak:0.00M | Scene, ViewLayer | Synchronizing object | R2 worn copper grip band.002
Fra:1 Mem:59.98M (Peak 76.57M) | Time:00:00.02 | Mem:0.00M, Peak:0.00M | Scene, ViewLayer | Synchronizing object | R2 worn copper grip band.003
Fra:1 Mem:60.02M (Peak 76.57M) | Time:00:00.02 | Mem:0.00M, Peak:0.00M | Scene, ViewLayer | Synchronizing object | R2 worn copper grip band.004
Fra:1 Mem:60.05M (Peak 76.57M) | Time:00:00.02 | Mem:0.00M, Peak:0.00M | Scene, ViewLayer | Synchronizing object | R2 worn copper grip band.005
Fra:1 Mem:60.09M (Peak 76.57M) | Time:00:00.02 | Mem:0.00M, Peak:0.00M | Scene, ViewLayer | Synchronizing object | R2 worn copper grip band.006
Fra:1 Mem:60.13M (Peak 76.57M) | Time:00:00.02 | Mem:0.00M, Peak:0.00M | Scene, ViewLayer | Synchronizing object | R2 worn copper grip band.007
Fra:1 Mem:60.16M (Peak 76.57M) | Time:00:00.02 | Mem:0.00M, Peak:0.00M | Scene, ViewLayer | Synchronizing object | R2 worn copper grip band.008
Fra:1 Mem:60.20M (Peak 76.57M) | Time:00:00.02 | Mem:0.00M, Peak:0.00M | Scene, ViewLayer | Synchronizing object | R2 root prong around fixed inlay
Fra:1 Mem:60.24M (Peak 76.57M) | Time:00:00.02 | Mem:0.00M, Peak:0.00M | Scene, ViewLayer | Synchronizing object | R2 root prong around fixed inlay.001
Fra:1 Mem:60.27M (Peak 76.57M) | Time:00:00.02 | Mem:0.00M, Peak:0.00M | Scene, ViewLayer | Synchronizing object | R2 root prong around fixed inlay.002
Fra:1 Mem:60.31M (Peak 76.57M) | Time:00:00.02 | Mem:0.00M, Peak:0.00M | Scene, ViewLayer | Synchronizing object | R2 root prong around fixed inlay.003
Fra:1 Mem:60.34M (Peak 76.57M) | Time:00:00.02 | Mem:0.00M, Peak:0.00M | Scene, ViewLayer | Synchronizing object | R2 door jamb stone
Fra:1 Mem:60.35M (Peak 76.57M) | Time:00:00.02 | Mem:0.00M, Peak:0.00M | Scene, ViewLayer | Synchronizing object | R2 door jamb stone.002
Fra:1 Mem:60.35M (Peak 76.57M) | Time:00:00.02 | Mem:0.00M, Peak:0.00M | Scene, ViewLayer | Synchronizing object | R2 door jamb stone.004
Fra:1 Mem:60.35M (Peak 76.57M) | Time:00:00.02 | Mem:0.00M, Peak:0.00M | Scene, ViewLayer | Synchronizing object | R2 door jamb stone.005
Fra:1 Mem:60.36M (Peak 76.57M) | Time:00:00.02 | Mem:0.00M, Peak:0.00M | Scene, ViewLayer | Synchronizing object | R2 arch voussoir
Fra:1 Mem:60.36M (Peak 76.57M) | Time:00:00.02 | Mem:0.00M, Peak:0.00M | Scene, ViewLayer | Synchronizing object | R2 arch voussoir.001
Fra:1 Mem:60.36M (Peak 76.57M) | Time:00:00.02 | Mem:0.00M, Peak:0.00M | Scene, ViewLayer | Synchronizing object | R2 arch voussoir.002
Fra:1 Mem:60.36M (Peak 76.57M) | Time:00:00.02 | Mem:0.00M, Peak:0.00M | Scene, ViewLayer | Synchronizing object | R2 arch voussoir.005
Fra:1 Mem:60.36M (Peak 76.57M) | Time:00:00.02 | Mem:0.00M, Peak:0.00M | Scene, ViewLayer | Synchronizing object | R2 door timber slit
Fra:1 Mem:60.37M (Peak 76.57M) | Time:00:00.02 | Mem:0.00M, Peak:0.00M | Scene, ViewLayer | Synchronizing object | R2 door timber slit.001
Fra:1 Mem:60.37M (Peak 76.57M) | Time:00:00.02 | Mem:0.00M, Peak:0.00M | Scene, ViewLayer | Synchronizing object | R2 door timber slit.002
Fra:1 Mem:60.37M (Peak 76.57M) | Time:00:00.02 | Mem:0.00M, Peak:0.00M | Scene, ViewLayer | Synchronizing object | R2 doorway threshold
Fra:1 Mem:60.38M (Peak 76.57M) | Time:00:00.02 | Mem:0.00M, Peak:0.00M | Scene, ViewLayer | Synchronizing object | R2 front staggered masonry
Fra:1 Mem:60.38M (Peak 76.57M) | Time:00:00.02 | Mem:0.00M, Peak:0.00M | Scene, ViewLayer | Synchronizing object | R2 front staggered masonry.001
Fra:1 Mem:60.38M (Peak 76.57M) | Time:00:00.02 | Mem:0.00M, Peak:0.00M | Scene, ViewLayer | Synchronizing object | R2 side staggered masonry.002
Fra:1 Mem:60.39M (Peak 76.57M) | Time:00:00.02 | Mem:0.00M, Peak:0.00M | Scene, ViewLayer | Synchronizing object | R2 front staggered masonry.002
Fra:1 Mem:60.39M (Peak 76.57M) | Time:00:00.02 | Mem:0.00M, Peak:0.00M | Scene, ViewLayer | Synchronizing object | R2 front staggered masonry.003
Fra:1 Mem:60.40M (Peak 76.57M) | Time:00:00.02 | Mem:0.00M, Peak:0.00M | Scene, ViewLayer | Synchronizing object | R2 side staggered masonry.005
Fra:1 Mem:60.40M (Peak 76.57M) | Time:00:00.02 | Mem:0.00M, Peak:0.00M | Scene, ViewLayer | Synchronizing object | R2 side staggered masonry.006
Fra:1 Mem:60.40M (Peak 76.57M) | Time:00:00.02 | Mem:0.00M, Peak:0.00M | Scene, ViewLayer | Synchronizing object | R2 front staggered masonry.004
Fra:1 Mem:60.41M (Peak 76.57M) | Time:00:00.02 | Mem:0.00M, Peak:0.00M | Scene, ViewLayer | Synchronizing object | R2 front staggered masonry.005
Fra:1 Mem:60.41M (Peak 76.57M) | Time:00:00.02 | Mem:0.00M, Peak:0.00M | Scene, ViewLayer | Synchronizing object | R2 side staggered masonry.010
Fra:1 Mem:60.42M (Peak 76.57M) | Time:00:00.02 | Mem:0.00M, Peak:0.00M | Scene, ViewLayer | Synchronizing object | R2 side staggered masonry.011
Fra:1 Mem:60.42M (Peak 76.57M) | Time:00:00.02 | Mem:0.00M, Peak:0.00M | Scene, ViewLayer | Synchronizing object | R2 front staggered masonry.007
Fra:1 Mem:60.43M (Peak 76.57M) | Time:00:00.02 | Mem:0.00M, Peak:0.00M | Scene, ViewLayer | Synchronizing object | R2 side staggered masonry.012
Fra:1 Mem:60.43M (Peak 76.57M) | Time:00:00.02 | Mem:0.00M, Peak:0.00M | Scene, ViewLayer | Synchronizing object | R2 side staggered masonry.014
Fra:1 Mem:60.44M (Peak 76.57M) | Time:00:00.02 | Mem:0.00M, Peak:0.00M | Scene, ViewLayer | Synchronizing object | R2 side staggered masonry.015
Fra:1 Mem:60.44M (Peak 76.57M) | Time:00:00.02 | Mem:0.00M, Peak:0.00M | Scene, ViewLayer | Synchronizing object | R2 front staggered masonry.008
Fra:1 Mem:60.44M (Peak 76.57M) | Time:00:00.02 | Mem:0.00M, Peak:0.00M | Scene, ViewLayer | Synchronizing object | R2 front staggered masonry.009
Fra:1 Mem:60.45M (Peak 76.57M) | Time:00:00.02 | Mem:0.00M, Peak:0.00M | Scene, ViewLayer | Synchronizing object | R2 front staggered masonry.010
Fra:1 Mem:60.45M (Peak 76.57M) | Time:00:00.03 | Mem:0.00M, Peak:0.00M | Scene, ViewLayer | Synchronizing object | R2 side staggered masonry.019
Fra:1 Mem:60.46M (Peak 76.57M) | Time:00:00.03 | Mem:0.00M, Peak:0.00M | Scene, ViewLayer | Synchronizing object | R2 narrow tower window
Fra:1 Mem:60.51M (Peak 76.57M) | Time:00:00.03 | Mem:0.00M, Peak:0.00M | Scene, ViewLayer | Synchronizing object | R2 narrow tower window.001
Fra:1 Mem:60.51M (Peak 76.57M) | Time:00:00.03 | Mem:0.00M, Peak:0.00M | Scene, ViewLayer | Synchronizing object | R2 window lower sill.001
Fra:1 Mem:60.52M (Peak 76.57M) | Time:00:00.03 | Mem:0.00M, Peak:0.00M | Scene, ViewLayer | Synchronizing object | R2 side slit window
Fra:1 Mem:60.52M (Peak 76.57M) | Time:00:00.03 | Mem:0.00M, Peak:0.00M | Scene, ViewLayer | Synchronizing object | R2 stepped corner buttress
Fra:1 Mem:60.52M (Peak 76.57M) | Time:00:00.03 | Mem:0.00M, Peak:0.00M | Scene, ViewLayer | Synchronizing object | R2 stepped corner buttress.001
Fra:1 Mem:60.52M (Peak 76.57M) | Time:00:00.03 | Mem:0.00M, Peak:0.00M | Scene, ViewLayer | Synchronizing object | R2 stepped corner buttress.002
Fra:1 Mem:60.53M (Peak 76.57M) | Time:00:00.03 | Mem:0.00M, Peak:0.00M | Scene, ViewLayer | Synchronizing object | R2 slate lower lip
Fra:1 Mem:60.53M (Peak 76.57M) | Time:00:00.03 | Mem:0.00M, Peak:0.00M | Scene, ViewLayer | Synchronizing object | R2 slate lower lip.001
Fra:1 Mem:60.53M (Peak 76.57M) | Time:00:00.03 | Mem:0.00M, Peak:0.00M | Scene, ViewLayer | Synchronizing object | R2 slate lower lip.002
Fra:1 Mem:60.54M (Peak 76.57M) | Time:00:00.03 | Mem:0.00M, Peak:0.00M | Scene, ViewLayer | Synchronizing object | R2 slate lower lip.003
Fra:1 Mem:60.54M (Peak 76.57M) | Time:00:00.03 | Mem:0.00M, Peak:0.00M | Scene, ViewLayer | Synchronizing object | R2 slate lower lip.004
Fra:1 Mem:60.54M (Peak 76.57M) | Time:00:00.03 | Mem:0.00M, Peak:0.00M | Scene, ViewLayer | Synchronizing object | R2 slate lower lip.005
Fra:1 Mem:60.54M (Peak 76.57M) | Time:00:00.03 | Mem:0.00M, Peak:0.00M | Scene, ViewLayer | Synchronizing object | R2 slate lower lip.006
Fra:1 Mem:60.54M (Peak 76.57M) | Time:00:00.03 | Mem:0.00M, Peak:0.00M | Scene, ViewLayer | Synchronizing object | R2 roof row seam
Fra:1 Mem:60.56M (Peak 76.57M) | Time:00:00.03 | Mem:0.00M, Peak:0.00M | Scene, ViewLayer | Synchronizing object | R2 slate lower lip.007
Fra:1 Mem:60.56M (Peak 76.57M) | Time:00:00.03 | Mem:0.00M, Peak:0.00M | Scene, ViewLayer | Synchronizing object | R2 slate lower lip.008
Fra:1 Mem:60.57M (Peak 76.57M) | Time:00:00.03 | Mem:0.00M, Peak:0.00M | Scene, ViewLayer | Synchronizing object | R2 stepped corner buttress.003
Fra:1 Mem:60.57M (Peak 76.57M) | Time:00:00.03 | Mem:0.00M, Peak:0.00M | Scene, ViewLayer | Synchronizing object | R2 stepped corner buttress.006
Fra:1 Mem:60.57M (Peak 76.57M) | Time:00:00.03 | Mem:0.00M, Peak:0.00M | Scene, ViewLayer | Synchronizing object | R2 fitted slate tile.004
Fra:1 Mem:60.57M (Peak 76.57M) | Time:00:00.03 | Mem:0.00M, Peak:0.00M | Scene, ViewLayer | Synchronizing object | R2 fitted slate tile.009
Fra:1 Mem:60.57M (Peak 76.57M) | Time:00:00.03 | Mem:0.00M, Peak:0.00M | Scene, ViewLayer | Synchronizing object | R2 slate lower lip.009
Fra:1 Mem:60.60M (Peak 76.57M) | Time:00:00.03 | Mem:0.00M, Peak:0.00M | Scene, ViewLayer | Synchronizing object | R2 slate lower lip.010
Fra:1 Mem:60.60M (Peak 76.57M) | Time:00:00.03 | Mem:0.00M, Peak:0.00M | Scene, ViewLayer | Synchronizing object | R2 fitted slate tile.010
Fra:1 Mem:60.60M (Peak 76.57M) | Time:00:00.03 | Mem:0.00M, Peak:0.00M | Scene, ViewLayer | Synchronizing object | R2 fitted slate tile.011
Fra:1 Mem:60.60M (Peak 76.57M) | Time:00:00.03 | Mem:0.00M, Peak:0.00M | Scene, ViewLayer | Synchronizing object | R2 slate lower lip.011
Fra:1 Mem:60.60M (Peak 76.57M) | Time:00:00.03 | Mem:0.00M, Peak:0.00M | Scene, ViewLayer | Synchronizing object | R2 fitted slate tile.012
Fra:1 Mem:60.60M (Peak 76.57M) | Time:00:00.03 | Mem:0.00M, Peak:0.00M | Scene, ViewLayer | Synchronizing object | R2 slate lower lip.012
Fra:1 Mem:60.60M (Peak 76.57M) | Time:00:00.03 | Mem:0.00M, Peak:0.00M | Scene, ViewLayer | Synchronizing object | R2 roof row seam.001
Fra:1 Mem:60.62M (Peak 76.57M) | Time:00:00.03 | Mem:0.00M, Peak:0.00M | Scene, ViewLayer | Synchronizing object | R2 slate lower lip.013
Fra:1 Mem:60.63M (Peak 76.57M) | Time:00:00.03 | Mem:0.00M, Peak:0.00M | Scene, ViewLayer | Synchronizing object | R2 slate lower lip.014
Fra:1 Mem:60.63M (Peak 76.57M) | Time:00:00.03 | Mem:0.00M, Peak:0.00M | Scene, ViewLayer | Synchronizing object | R2 slate lower lip.015
Fra:1 Mem:60.63M (Peak 76.57M) | Time:00:00.03 | Mem:0.00M, Peak:0.00M | Scene, ViewLayer | Synchronizing object | R2 slate lower lip.016
Fra:1 Mem:60.63M (Peak 76.57M) | Time:00:00.03 | Mem:0.00M, Peak:0.00M | Scene, ViewLayer | Synchronizing object | R2 slate lower lip.017
Fra:1 Mem:60.63M (Peak 76.57M) | Time:00:00.03 | Mem:0.00M, Peak:0.00M | Scene, ViewLayer | Synchronizing object | R2 roof row seam.002
Fra:1 Mem:60.65M (Peak 76.57M) | Time:00:00.03 | Mem:0.00M, Peak:0.00M | Scene, ViewLayer | Synchronizing object | R2 slate lower lip.018
Fra:1 Mem:60.65M (Peak 76.57M) | Time:00:00.03 | Mem:0.00M, Peak:0.00M | Scene, ViewLayer | Synchronizing object | R2 slate lower lip.019
Fra:1 Mem:60.66M (Peak 76.57M) | Time:00:00.03 | Mem:0.00M, Peak:0.00M | Scene, ViewLayer | Synchronizing object | R2 slate lower lip.020
Fra:1 Mem:60.66M (Peak 76.57M) | Time:00:00.03 | Mem:0.00M, Peak:0.00M | Scene, ViewLayer | Synchronizing object | R2 slate lower lip.021
Fra:1 Mem:60.66M (Peak 76.57M) | Time:00:00.03 | Mem:0.00M, Peak:0.00M | Scene, ViewLayer | Synchronizing object | R2 roof row seam.003
Fra:1 Mem:60.68M (Peak 76.57M) | Time:00:00.03 | Mem:0.00M, Peak:0.00M | Scene, ViewLayer | Synchronizing object | R2 fitted slate tile.013
Fra:1 Mem:60.68M (Peak 76.57M) | Time:00:00.03 | Mem:0.00M, Peak:0.00M | Scene, ViewLayer | Synchronizing object | R2 fitted slate tile.015
Fra:1 Mem:60.68M (Peak 76.57M) | Time:00:00.03 | Mem:0.00M, Peak:0.00M | Scene, ViewLayer | Synchronizing object | R2 fitted slate tile.019
Fra:1 Mem:60.68M (Peak 76.57M) | Time:00:00.03 | Mem:0.00M, Peak:0.00M | Scene, ViewLayer | Synchronizing object | R2 fitted slate tile.022
Fra:1 Mem:60.69M (Peak 76.57M) | Time:00:00.03 | Mem:0.00M, Peak:0.00M | Scene, ViewLayer | Synchronizing object | R2 fitted slate tile.023
Fra:1 Mem:60.69M (Peak 76.57M) | Time:00:00.03 | Mem:0.00M, Peak:0.00M | Scene, ViewLayer | Synchronizing object | R2 slate lower lip.023
Fra:1 Mem:60.69M (Peak 76.57M) | Time:00:00.03 | Mem:0.00M, Peak:0.00M | Scene, ViewLayer | Synchronizing object | R2 fitted slate tile.024
Fra:1 Mem:60.69M (Peak 76.57M) | Time:00:00.03 | Mem:0.00M, Peak:0.00M | Scene, ViewLayer | Synchronizing object | R2 slate lower lip.024
Fra:1 Mem:60.70M (Peak 76.57M) | Time:00:00.03 | Mem:0.00M, Peak:0.00M | Scene, ViewLayer | Synchronizing object | R2 roof row seam.004
Fra:1 Mem:60.72M (Peak 76.57M) | Time:00:00.03 | Mem:0.00M, Peak:0.00M | Scene, ViewLayer | Synchronizing object | R2 slate lower lip.025
Fra:1 Mem:60.72M (Peak 76.57M) | Time:00:00.03 | Mem:0.00M, Peak:0.00M | Scene, ViewLayer | Synchronizing object | R2 slate lower lip.026
Fra:1 Mem:60.72M (Peak 76.57M) | Time:00:00.03 | Mem:0.00M, Peak:0.00M | Scene, ViewLayer | Synchronizing object | R2 roof row seam.005
Fra:1 Mem:60.74M (Peak 76.57M) | Time:00:00.03 | Mem:0.00M, Peak:0.00M | Scene, ViewLayer | Synchronizing object | R2 slate lower lip.027
Fra:1 Mem:60.74M (Peak 76.57M) | Time:00:00.03 | Mem:0.00M, Peak:0.00M | Scene, ViewLayer | Synchronizing object | R2 slate lower lip.028
Fra:1 Mem:60.74M (Peak 76.57M) | Time:00:00.03 | Mem:0.00M, Peak:0.00M | Scene, ViewLayer | Synchronizing object | R2 roof row seam.006
Fra:1 Mem:60.76M (Peak 76.57M) | Time:00:00.03 | Mem:0.00M, Peak:0.00M | Scene, ViewLayer | Synchronizing object | R2 roof hip seam
Fra:1 Mem:60.78M (Peak 76.57M) | Time:00:00.03 | Mem:0.00M, Peak:0.00M | Scene, ViewLayer | Synchronizing object | R2 roof hip seam.001
Fra:1 Mem:60.81M (Peak 76.57M) | Time:00:00.03 | Mem:0.00M, Peak:0.00M | Scene, ViewLayer | Synchronizing object | R2 slate lower lip.029
Fra:1 Mem:60.81M (Peak 76.57M) | Time:00:00.03 | Mem:0.00M, Peak:0.00M | Scene, ViewLayer | Synchronizing object | R2 slate lower lip.030
Fra:1 Mem:60.81M (Peak 76.57M) | Time:00:00.03 | Mem:0.00M, Peak:0.00M | Scene, ViewLayer | Synchronizing object | R2 slate lower lip.031
Fra:1 Mem:60.81M (Peak 76.57M) | Time:00:00.03 | Mem:0.00M, Peak:0.00M | Scene, ViewLayer | Synchronizing object | R2 slate lower lip.032
Fra:1 Mem:60.81M (Peak 76.57M) | Time:00:00.03 | Mem:0.00M, Peak:0.00M | Scene, ViewLayer | Synchronizing object | R2 slate lower lip.033
Fra:1 Mem:60.81M (Peak 76.57M) | Time:00:00.03 | Mem:0.00M, Peak:0.00M | Scene, ViewLayer | Synchronizing object | R2 slate lower lip.034
Fra:1 Mem:60.82M (Peak 76.57M) | Time:00:00.03 | Mem:0.00M, Peak:0.00M | Scene, ViewLayer | Synchronizing object | R2 slate lower lip.035
Fra:1 Mem:60.82M (Peak 76.57M) | Time:00:00.03 | Mem:0.00M, Peak:0.00M | Scene, ViewLayer | Synchronizing object | R2 roof row seam.007
Fra:1 Mem:60.84M (Peak 76.57M) | Time:00:00.03 | Mem:0.00M, Peak:0.00M | Scene, ViewLayer | Synchronizing object | R2 slate lower lip.036
Fra:1 Mem:60.84M (Peak 76.57M) | Time:00:00.03 | Mem:0.00M, Peak:0.00M | Scene, ViewLayer | Synchronizing object | R2 slate lower lip.037
Fra:1 Mem:60.84M (Peak 76.57M) | Time:00:00.03 | Mem:0.00M, Peak:0.00M | Scene, ViewLayer | Synchronizing object | R2 slate lower lip.038
Fra:1 Mem:60.84M (Peak 76.57M) | Time:00:00.03 | Mem:0.00M, Peak:0.00M | Scene, ViewLayer | Synchronizing object | R2 fitted slate tile.025
Fra:1 Mem:60.84M (Peak 76.57M) | Time:00:00.03 | Mem:0.00M, Peak:0.00M | Scene, ViewLayer | Synchronizing object | R2 fitted slate tile.036
Fra:1 Mem:60.84M (Peak 76.57M) | Time:00:00.03 | Mem:0.00M, Peak:0.00M | Scene, ViewLayer | Synchronizing object | R2 fitted slate tile.037
Fra:1 Mem:60.85M (Peak 76.57M) | Time:00:00.03 | Mem:0.00M, Peak:0.00M | Scene, ViewLayer | Synchronizing object | R2 fitted slate tile.040
Fra:1 Mem:60.86M (Peak 76.57M) | Time:00:00.03 | Mem:0.00M, Peak:0.00M | Scene, ViewLayer | Synchronizing object | R2 slate lower lip.040
Fra:1 Mem:60.86M (Peak 76.57M) | Time:00:00.03 | Mem:0.00M, Peak:0.00M | Scene, ViewLayer | Synchronizing object | R2 fitted slate tile.041
Fra:1 Mem:60.86M (Peak 76.57M) | Time:00:00.03 | Mem:0.00M, Peak:0.00M | Scene, ViewLayer | Synchronizing object | R2 slate lower lip.041
Fra:1 Mem:60.87M (Peak 76.57M) | Time:00:00.03 | Mem:0.00M, Peak:0.00M | Scene, ViewLayer | Synchronizing object | R2 roof row seam.008
Fra:1 Mem:60.88M (Peak 76.57M) | Time:00:00.03 | Mem:0.00M, Peak:0.00M | Scene, ViewLayer | Synchronizing object | R2 slate lower lip.042
Fra:1 Mem:60.89M (Peak 76.57M) | Time:00:00.03 | Mem:0.00M, Peak:0.00M | Scene, ViewLayer | Synchronizing object | R2 slate lower lip.043
Fra:1 Mem:60.89M (Peak 76.57M) | Time:00:00.03 | Mem:0.00M, Peak:0.00M | Scene, ViewLayer | Synchronizing object | R2 fitted slate tile.042
Fra:1 Mem:60.89M (Peak 76.57M) | Time:00:00.03 | Mem:0.00M, Peak:0.00M | Scene, ViewLayer | Synchronizing object | R2 fitted slate tile.043
Fra:1 Mem:60.89M (Peak 76.57M) | Time:00:00.03 | Mem:0.00M, Peak:0.00M | Scene, ViewLayer | Synchronizing object | R2 fitted slate tile.044
Fra:1 Mem:60.89M (Peak 76.57M) | Time:00:00.03 | Mem:0.00M, Peak:0.00M | Scene, ViewLayer | Synchronizing object | R2 slate lower lip.044
Fra:1 Mem:60.89M (Peak 76.57M) | Time:00:00.03 | Mem:0.00M, Peak:0.00M | Scene, ViewLayer | Synchronizing object | R2 fitted slate tile.045
Fra:1 Mem:60.89M (Peak 76.57M) | Time:00:00.03 | Mem:0.00M, Peak:0.00M | Scene, ViewLayer | Synchronizing object | R2 slate lower lip.045
Fra:1 Mem:60.90M (Peak 76.57M) | Time:00:00.03 | Mem:0.00M, Peak:0.00M | Scene, ViewLayer | Synchronizing object | R2 slate lower lip.046
Fra:1 Mem:60.90M (Peak 76.57M) | Time:00:00.03 | Mem:0.00M, Peak:0.00M | Scene, ViewLayer | Synchronizing object | R2 roof row seam.009
Fra:1 Mem:60.90M (Peak 76.57M) | Time:00:00.03 | Mem:0.00M, Peak:0.00M | Scene, ViewLayer | Synchronizing object | R2 fitted slate tile.046
Fra:1 Mem:60.92M (Peak 76.57M) | Time:00:00.03 | Mem:0.00M, Peak:0.00M | Scene, ViewLayer | Synchronizing object | R2 fitted slate tile.047
Fra:1 Mem:60.92M (Peak 76.57M) | Time:00:00.03 | Mem:0.00M, Peak:0.00M | Scene, ViewLayer | Synchronizing object | R2 slate lower lip.047
Fra:1 Mem:60.92M (Peak 76.57M) | Time:00:00.03 | Mem:0.00M, Peak:0.00M | Scene, ViewLayer | Synchronizing object | R2 fitted slate tile.048
Fra:1 Mem:60.92M (Peak 76.57M) | Time:00:00.03 | Mem:0.00M, Peak:0.00M | Scene, ViewLayer | Synchronizing object | R2 slate lower lip.048
Fra:1 Mem:60.92M (Peak 76.57M) | Time:00:00.03 | Mem:0.00M, Peak:0.00M | Scene, ViewLayer | Synchronizing object | R2 fitted slate tile.049
Fra:1 Mem:60.92M (Peak 76.57M) | Time:00:00.03 | Mem:0.00M, Peak:0.00M | Scene, ViewLayer | Synchronizing object | R2 slate lower lip.049
Fra:1 Mem:60.93M (Peak 76.57M) | Time:00:00.03 | Mem:0.00M, Peak:0.00M | Scene, ViewLayer | Synchronizing object | R2 slate lower lip.050
Fra:1 Mem:60.93M (Peak 76.57M) | Time:00:00.03 | Mem:0.00M, Peak:0.00M | Scene, ViewLayer | Synchronizing object | R2 fitted slate tile.050
Fra:1 Mem:60.93M (Peak 76.57M) | Time:00:00.03 | Mem:0.00M, Peak:0.00M | Scene, ViewLayer | Synchronizing object | R2 roof row seam.010
Fra:1 Mem:60.95M (Peak 76.57M) | Time:00:00.03 | Mem:0.00M, Peak:0.00M | Scene, ViewLayer | Synchronizing object | R2 fitted slate tile.051
Fra:1 Mem:60.95M (Peak 76.57M) | Time:00:00.03 | Mem:0.00M, Peak:0.00M | Scene, ViewLayer | Synchronizing object | R2 slate lower lip.051
Fra:1 Mem:60.95M (Peak 76.57M) | Time:00:00.03 | Mem:0.00M, Peak:0.00M | Scene, ViewLayer | Synchronizing object | R2 fitted slate tile.052
Fra:1 Mem:60.95M (Peak 76.57M) | Time:00:00.03 | Mem:0.00M, Peak:0.00M | Scene, ViewLayer | Synchronizing object | R2 slate lower lip.052
Fra:1 Mem:60.95M (Peak 76.57M) | Time:00:00.03 | Mem:0.00M, Peak:0.00M | Scene, ViewLayer | Synchronizing object | R2 slate lower lip.053
Fra:1 Mem:60.96M (Peak 76.57M) | Time:00:00.03 | Mem:0.00M, Peak:0.00M | Scene, ViewLayer | Synchronizing object | R2 roof row seam.011
Fra:1 Mem:60.97M (Peak 76.57M) | Time:00:00.03 | Mem:0.00M, Peak:0.00M | Scene, ViewLayer | Synchronizing object | R2 slate lower lip.054
Fra:1 Mem:60.98M (Peak 76.57M) | Time:00:00.03 | Mem:0.00M, Peak:0.00M | Scene, ViewLayer | Synchronizing object | R2 slate lower lip.055
Fra:1 Mem:60.98M (Peak 76.57M) | Time:00:00.03 | Mem:0.00M, Peak:0.00M | Scene, ViewLayer | Synchronizing object | R2 roof row seam.012
Fra:1 Mem:61.00M (Peak 76.57M) | Time:00:00.03 | Mem:0.00M, Peak:0.00M | Scene, ViewLayer | Synchronizing object | R2 slate lower lip.056
Fra:1 Mem:61.00M (Peak 76.57M) | Time:00:00.03 | Mem:0.00M, Peak:0.00M | Scene, ViewLayer | Synchronizing object | R2 slate lower lip.057
Fra:1 Mem:61.00M (Peak 76.57M) | Time:00:00.03 | Mem:0.00M, Peak:0.00M | Scene, ViewLayer | Synchronizing object | R2 roof row seam.013
Fra:1 Mem:61.02M (Peak 76.57M) | Time:00:00.03 | Mem:0.00M, Peak:0.00M | Scene, ViewLayer | Synchronizing object | R2 roof hip seam.002
Fra:1 Mem:61.04M (Peak 76.57M) | Time:00:00.03 | Mem:0.00M, Peak:0.00M | Scene, ViewLayer | Synchronizing object | R2 roof hip seam.003
Fra:1 Mem:61.06M (Peak 76.57M) | Time:00:00.03 | Mem:0.00M, Peak:0.00M | Scene, ViewLayer | Synchronizing object | R2 fitted slate tile.053
Fra:1 Mem:61.06M (Peak 76.57M) | Time:00:00.03 | Mem:0.00M, Peak:0.00M | Scene, ViewLayer | Synchronizing object | R2 fitted slate tile.054
Fra:1 Mem:61.06M (Peak 76.57M) | Time:00:00.03 | Mem:0.00M, Peak:0.00M | Scene, ViewLayer | Synchronizing object | R2 fitted slate tile.055
Fra:1 Mem:61.07M (Peak 76.57M) | Time:00:00.03 | Mem:0.00M, Peak:0.00M | Scene, ViewLayer | Synchronizing object | R2 fitted slate tile.057
Fra:1 Mem:61.07M (Peak 76.57M) | Time:00:00.03 | Mem:0.00M, Peak:0.00M | Scene, ViewLayer | Synchronizing object | R2 fitted slate tile.058
Fra:1 Mem:61.07M (Peak 76.57M) | Time:00:00.03 | Mem:0.00M, Peak:0.00M | Scene, ViewLayer | Synchronizing object | R2 slate lower lip.058
Fra:1 Mem:61.07M (Peak 76.57M) | Time:00:00.03 | Mem:0.00M, Peak:0.00M | Scene, ViewLayer | Synchronizing object | R2 fitted slate tile.059
Fra:1 Mem:61.07M (Peak 76.57M) | Time:00:00.03 | Mem:0.00M, Peak:0.00M | Scene, ViewLayer | Synchronizing object | R2 slate lower lip.059
Fra:1 Mem:61.08M (Peak 76.57M) | Time:00:00.03 | Mem:0.00M, Peak:0.00M | Scene, ViewLayer | Synchronizing object | R2 fitted slate tile.060
Fra:1 Mem:61.08M (Peak 76.57M) | Time:00:00.03 | Mem:0.00M, Peak:0.00M | Scene, ViewLayer | Synchronizing object | R2 slate lower lip.060
Fra:1 Mem:61.08M (Peak 76.57M) | Time:00:00.03 | Mem:0.00M, Peak:0.00M | Scene, ViewLayer | Synchronizing object | R2 fitted slate tile.061
Fra:1 Mem:61.08M (Peak 76.57M) | Time:00:00.03 | Mem:0.00M, Peak:0.00M | Scene, ViewLayer | Synchronizing object | R2 slate lower lip.061
Fra:1 Mem:61.08M (Peak 76.57M) | Time:00:00.03 | Mem:0.00M, Peak:0.00M | Scene, ViewLayer | Synchronizing object | R2 fitted slate tile.062
Fra:1 Mem:61.08M (Peak 76.57M) | Time:00:00.03 | Mem:0.00M, Peak:0.00M | Scene, ViewLayer | Synchronizing object | R2 slate lower lip.062
Fra:1 Mem:61.09M (Peak 76.57M) | Time:00:00.03 | Mem:0.00M, Peak:0.00M | Scene, ViewLayer | Synchronizing object | R2 fitted slate tile.063
Fra:1 Mem:61.09M (Peak 76.57M) | Time:00:00.03 | Mem:0.00M, Peak:0.00M | Scene, ViewLayer | Synchronizing object | R2 slate lower lip.063
Fra:1 Mem:61.09M (Peak 76.57M) | Time:00:00.03 | Mem:0.00M, Peak:0.00M | Scene, ViewLayer | Synchronizing object | R2 fitted slate tile.064
Fra:1 Mem:61.09M (Peak 76.57M) | Time:00:00.03 | Mem:0.00M, Peak:0.00M | Scene, ViewLayer | Synchronizing object | R2 slate lower lip.064
Fra:1 Mem:61.09M (Peak 76.57M) | Time:00:00.03 | Mem:0.00M, Peak:0.00M | Scene, ViewLayer | Synchronizing object | R2 roof row seam.014
Fra:1 Mem:61.11M (Peak 76.57M) | Time:00:00.03 | Mem:0.00M, Peak:0.00M | Scene, ViewLayer | Synchronizing object | R2 fitted slate tile.065
Fra:1 Mem:61.11M (Peak 76.57M) | Time:00:00.03 | Mem:0.00M, Peak:0.00M | Scene, ViewLayer | Synchronizing object | R2 slate lower lip.065
Fra:1 Mem:61.11M (Peak 76.57M) | Time:00:00.03 | Mem:0.00M, Peak:0.00M | Scene, ViewLayer | Synchronizing object | R2 slate lower lip.066
Fra:1 Mem:61.11M (Peak 76.57M) | Time:00:00.03 | Mem:0.00M, Peak:0.00M | Scene, ViewLayer | Synchronizing object | R2 fitted slate tile.066
Fra:1 Mem:61.12M (Peak 76.57M) | Time:00:00.03 | Mem:0.00M, Peak:0.00M | Scene, ViewLayer | Synchronizing object | R2 fitted slate tile.067
Fra:1 Mem:61.12M (Peak 76.57M) | Time:00:00.03 | Mem:0.00M, Peak:0.00M | Scene, ViewLayer | Synchronizing object | R2 slate lower lip.067
Fra:1 Mem:61.12M (Peak 76.57M) | Time:00:00.03 | Mem:0.00M, Peak:0.00M | Scene, ViewLayer | Synchronizing object | R2 fitted slate tile.068
Fra:1 Mem:61.12M (Peak 76.57M) | Time:00:00.03 | Mem:0.00M, Peak:0.00M | Scene, ViewLayer | Synchronizing object | R2 slate lower lip.068
Fra:1 Mem:61.12M (Peak 76.57M) | Time:00:00.03 | Mem:0.00M, Peak:0.00M | Scene, ViewLayer | Synchronizing object | R2 fitted slate tile.069
Fra:1 Mem:61.12M (Peak 76.57M) | Time:00:00.03 | Mem:0.00M, Peak:0.00M | Scene, ViewLayer | Synchronizing object | R2 slate lower lip.069
Fra:1 Mem:61.12M (Peak 76.57M) | Time:00:00.03 | Mem:0.00M, Peak:0.00M | Scene, ViewLayer | Synchronizing object | R2 slate lower lip.070
Fra:1 Mem:61.12M (Peak 76.57M) | Time:00:00.03 | Mem:0.00M, Peak:0.00M | Scene, ViewLayer | Synchronizing object | R2 fitted slate tile.070
Fra:1 Mem:61.13M (Peak 76.57M) | Time:00:00.03 | Mem:0.00M, Peak:0.00M | Scene, ViewLayer | Synchronizing object | R2 roof row seam.015
Fra:1 Mem:61.15M (Peak 76.57M) | Time:00:00.03 | Mem:0.00M, Peak:0.00M | Scene, ViewLayer | Synchronizing object | R2 fitted slate tile.071
Fra:1 Mem:61.15M (Peak 76.57M) | Time:00:00.03 | Mem:0.00M, Peak:0.00M | Scene, ViewLayer | Synchronizing object | R2 slate lower lip.071
Fra:1 Mem:61.15M (Peak 76.57M) | Time:00:00.03 | Mem:0.00M, Peak:0.00M | Scene, ViewLayer | Synchronizing object | R2 slate lower lip.072
Fra:1 Mem:61.15M (Peak 76.57M) | Time:00:00.03 | Mem:0.00M, Peak:0.00M | Scene, ViewLayer | Synchronizing object | R2 fitted slate tile.072
Fra:1 Mem:61.15M (Peak 76.57M) | Time:00:00.03 | Mem:0.00M, Peak:0.00M | Scene, ViewLayer | Synchronizing object | R2 fitted slate tile.073
Fra:1 Mem:61.15M (Peak 76.57M) | Time:00:00.03 | Mem:0.00M, Peak:0.00M | Scene, ViewLayer | Synchronizing object | R2 slate lower lip.073
Fra:1 Mem:61.15M (Peak 76.57M) | Time:00:00.03 | Mem:0.00M, Peak:0.00M | Scene, ViewLayer | Synchronizing object | R2 fitted slate tile.074
Fra:1 Mem:61.15M (Peak 76.57M) | Time:00:00.03 | Mem:0.00M, Peak:0.00M | Scene, ViewLayer | Synchronizing object | R2 slate lower lip.074
Fra:1 Mem:61.16M (Peak 76.57M) | Time:00:00.03 | Mem:0.00M, Peak:0.00M | Scene, ViewLayer | Synchronizing object | R2 fitted slate tile.075
Fra:1 Mem:61.16M (Peak 76.57M) | Time:00:00.03 | Mem:0.00M, Peak:0.00M | Scene, ViewLayer | Synchronizing object | R2 slate lower lip.075
Fra:1 Mem:61.16M (Peak 76.57M) | Time:00:00.03 | Mem:0.00M, Peak:0.00M | Scene, ViewLayer | Synchronizing object | R2 roof row seam.016
Fra:1 Mem:61.18M (Peak 76.57M) | Time:00:00.03 | Mem:0.00M, Peak:0.00M | Scene, ViewLayer | Synchronizing object | R2 slate lower lip.076
Fra:1 Mem:61.18M (Peak 76.57M) | Time:00:00.03 | Mem:0.00M, Peak:0.00M | Scene, ViewLayer | Synchronizing object | R2 fitted slate tile.076
Fra:1 Mem:61.18M (Peak 76.57M) | Time:00:00.03 | Mem:0.00M, Peak:0.00M | Scene, ViewLayer | Synchronizing object | R2 fitted slate tile.077
Fra:1 Mem:61.18M (Peak 76.57M) | Time:00:00.03 | Mem:0.00M, Peak:0.00M | Scene, ViewLayer | Synchronizing object | R2 slate lower lip.077
Fra:1 Mem:61.19M (Peak 76.57M) | Time:00:00.03 | Mem:0.00M, Peak:0.00M | Scene, ViewLayer | Synchronizing object | R2 fitted slate tile.078
Fra:1 Mem:61.19M (Peak 76.57M) | Time:00:00.03 | Mem:0.00M, Peak:0.00M | Scene, ViewLayer | Synchronizing object | R2 slate lower lip.078
Fra:1 Mem:61.19M (Peak 76.57M) | Time:00:00.03 | Mem:0.00M, Peak:0.00M | Scene, ViewLayer | Synchronizing object | R2 fitted slate tile.079
Fra:1 Mem:61.19M (Peak 76.57M) | Time:00:00.03 | Mem:0.00M, Peak:0.00M | Scene, ViewLayer | Synchronizing object | R2 slate lower lip.079
Fra:1 Mem:61.19M (Peak 76.57M) | Time:00:00.03 | Mem:0.00M, Peak:0.00M | Scene, ViewLayer | Synchronizing object | R2 roof row seam.017
Fra:1 Mem:61.21M (Peak 76.57M) | Time:00:00.03 | Mem:0.00M, Peak:0.00M | Scene, ViewLayer | Synchronizing object | R2 slate lower lip.080
Fra:1 Mem:61.21M (Peak 76.57M) | Time:00:00.03 | Mem:0.00M, Peak:0.00M | Scene, ViewLayer | Synchronizing object | R2 fitted slate tile.080
Fra:1 Mem:61.21M (Peak 76.57M) | Time:00:00.03 | Mem:0.00M, Peak:0.00M | Scene, ViewLayer | Synchronizing object | R2 fitted slate tile.081
Fra:1 Mem:61.21M (Peak 76.57M) | Time:00:00.03 | Mem:0.00M, Peak:0.00M | Scene, ViewLayer | Synchronizing object | R2 slate lower lip.081
Fra:1 Mem:61.22M (Peak 76.57M) | Time:00:00.03 | Mem:0.00M, Peak:0.00M | Scene, ViewLayer | Synchronizing object | R2 fitted slate tile.082
Fra:1 Mem:61.22M (Peak 76.57M) | Time:00:00.03 | Mem:0.00M, Peak:0.00M | Scene, ViewLayer | Synchronizing object | R2 slate lower lip.082
Fra:1 Mem:61.22M (Peak 76.57M) | Time:00:00.03 | Mem:0.00M, Peak:0.00M | Scene, ViewLayer | Synchronizing object | R2 roof row seam.018
Fra:1 Mem:61.24M (Peak 76.57M) | Time:00:00.03 | Mem:0.00M, Peak:0.00M | Scene, ViewLayer | Synchronizing object | R2 slate lower lip.083
Fra:1 Mem:61.24M (Peak 76.57M) | Time:00:00.03 | Mem:0.00M, Peak:0.00M | Scene, ViewLayer | Synchronizing object | R2 fitted slate tile.083
Fra:1 Mem:61.24M (Peak 76.57M) | Time:00:00.03 | Mem:0.00M, Peak:0.00M | Scene, ViewLayer | Synchronizing object | R2 fitted slate tile.084
Fra:1 Mem:61.24M (Peak 76.57M) | Time:00:00.03 | Mem:0.00M, Peak:0.00M | Scene, ViewLayer | Synchronizing object | R2 slate lower lip.084
Fra:1 Mem:61.24M (Peak 76.57M) | Time:00:00.03 | Mem:0.00M, Peak:0.00M | Scene, ViewLayer | Synchronizing object | R2 roof row seam.019
Fra:1 Mem:61.26M (Peak 76.57M) | Time:00:00.03 | Mem:0.00M, Peak:0.00M | Scene, ViewLayer | Synchronizing object | R2 fitted slate tile.085
Fra:1 Mem:61.26M (Peak 76.57M) | Time:00:00.03 | Mem:0.00M, Peak:0.00M | Scene, ViewLayer | Synchronizing object | R2 slate lower lip.085
Fra:1 Mem:61.26M (Peak 76.57M) | Time:00:00.03 | Mem:0.00M, Peak:0.00M | Scene, ViewLayer | Synchronizing object | R2 fitted slate tile.086
Fra:1 Mem:61.26M (Peak 76.57M) | Time:00:00.03 | Mem:0.00M, Peak:0.00M | Scene, ViewLayer | Synchronizing object | R2 slate lower lip.086
Fra:1 Mem:61.27M (Peak 76.57M) | Time:00:00.03 | Mem:0.00M, Peak:0.00M | Scene, ViewLayer | Synchronizing object | R2 roof row seam.020
Fra:1 Mem:61.29M (Peak 76.57M) | Time:00:00.03 | Mem:0.00M, Peak:0.00M | Scene, ViewLayer | Synchronizing object | R2 roof hip seam.004
Fra:1 Mem:61.31M (Peak 76.57M) | Time:00:00.03 | Mem:0.00M, Peak:0.00M | Scene, ViewLayer | Synchronizing object | R2 roof hip seam.005
Fra:1 Mem:61.33M (Peak 76.57M) | Time:00:00.03 | Mem:0.00M, Peak:0.00M | Scene, ViewLayer | Synchronizing object | R2 slate lower lip.087
Fra:1 Mem:61.33M (Peak 76.57M) | Time:00:00.03 | Mem:0.00M, Peak:0.00M | Scene, ViewLayer | Synchronizing object | R2 fitted slate tile.087
Fra:1 Mem:61.33M (Peak 76.57M) | Time:00:00.03 | Mem:0.00M, Peak:0.00M | Scene, ViewLayer | Synchronizing object | R2 fitted slate tile.088
Fra:1 Mem:61.33M (Peak 76.57M) | Time:00:00.03 | Mem:0.00M, Peak:0.00M | Scene, ViewLayer | Synchronizing object | R2 slate lower lip.088
Fra:1 Mem:61.34M (Peak 76.57M) | Time:00:00.03 | Mem:0.00M, Peak:0.00M | Scene, ViewLayer | Synchronizing object | R2 fitted slate tile.089
Fra:1 Mem:61.34M (Peak 76.57M) | Time:00:00.03 | Mem:0.00M, Peak:0.00M | Scene, ViewLayer | Synchronizing object | R2 slate lower lip.089
Fra:1 Mem:61.34M (Peak 76.57M) | Time:00:00.03 | Mem:0.00M, Peak:0.00M | Scene, ViewLayer | Synchronizing object | R2 fitted slate tile.090
Fra:1 Mem:61.34M (Peak 76.57M) | Time:00:00.03 | Mem:0.00M, Peak:0.00M | Scene, ViewLayer | Synchronizing object | R2 slate lower lip.090
Fra:1 Mem:61.34M (Peak 76.57M) | Time:00:00.03 | Mem:0.00M, Peak:0.00M | Scene, ViewLayer | Synchronizing object | R2 fitted slate tile.091
Fra:1 Mem:61.34M (Peak 76.57M) | Time:00:00.03 | Mem:0.00M, Peak:0.00M | Scene, ViewLayer | Synchronizing object | R2 slate lower lip.091
Fra:1 Mem:61.34M (Peak 76.57M) | Time:00:00.03 | Mem:0.00M, Peak:0.00M | Scene, ViewLayer | Synchronizing object | R2 fitted slate tile.092
Fra:1 Mem:61.34M (Peak 76.57M) | Time:00:00.03 | Mem:0.00M, Peak:0.00M | Scene, ViewLayer | Synchronizing object | R2 slate lower lip.092
Fra:1 Mem:61.35M (Peak 76.57M) | Time:00:00.03 | Mem:0.00M, Peak:0.00M | Scene, ViewLayer | Synchronizing object | R2 fitted slate tile.093
Fra:1 Mem:61.35M (Peak 76.57M) | Time:00:00.03 | Mem:0.00M, Peak:0.00M | Scene, ViewLayer | Synchronizing object | R2 slate lower lip.093
Fra:1 Mem:61.35M (Peak 76.57M) | Time:00:00.03 | Mem:0.00M, Peak:0.00M | Scene, ViewLayer | Synchronizing object | R2 roof row seam.021
Fra:1 Mem:61.37M (Peak 76.57M) | Time:00:00.03 | Mem:0.00M, Peak:0.00M | Scene, ViewLayer | Synchronizing object | R2 fitted slate tile.094
Fra:1 Mem:61.37M (Peak 76.57M) | Time:00:00.03 | Mem:0.00M, Peak:0.00M | Scene, ViewLayer | Synchronizing object | R2 slate lower lip.094
Fra:1 Mem:61.37M (Peak 76.57M) | Time:00:00.03 | Mem:0.00M, Peak:0.00M | Scene, ViewLayer | Synchronizing object | R2 fitted slate tile.095
Fra:1 Mem:61.37M (Peak 76.57M) | Time:00:00.03 | Mem:0.00M, Peak:0.00M | Scene, ViewLayer | Synchronizing object | R2 slate lower lip.095
Fra:1 Mem:61.38M (Peak 76.57M) | Time:00:00.03 | Mem:0.00M, Peak:0.00M | Scene, ViewLayer | Synchronizing object | R2 fitted slate tile.096
Fra:1 Mem:61.38M (Peak 76.57M) | Time:00:00.03 | Mem:0.00M, Peak:0.00M | Scene, ViewLayer | Synchronizing object | R2 slate lower lip.096
Fra:1 Mem:61.38M (Peak 76.57M) | Time:00:00.03 | Mem:0.00M, Peak:0.00M | Scene, ViewLayer | Synchronizing object | R2 slate lower lip.097
Fra:1 Mem:61.38M (Peak 76.57M) | Time:00:00.03 | Mem:0.00M, Peak:0.00M | Scene, ViewLayer | Synchronizing object | R2 fitted slate tile.097
Fra:1 Mem:61.38M (Peak 76.57M) | Time:00:00.03 | Mem:0.00M, Peak:0.00M | Scene, ViewLayer | Synchronizing object | R2 fitted slate tile.098
Fra:1 Mem:61.38M (Peak 76.57M) | Time:00:00.03 | Mem:0.00M, Peak:0.00M | Scene, ViewLayer | Synchronizing object | R2 slate lower lip.098
Fra:1 Mem:61.38M (Peak 76.57M) | Time:00:00.03 | Mem:0.00M, Peak:0.00M | Scene, ViewLayer | Synchronizing object | R2 fitted slate tile.099
Fra:1 Mem:61.38M (Peak 76.57M) | Time:00:00.03 | Mem:0.00M, Peak:0.00M | Scene, ViewLayer | Synchronizing object | R2 slate lower lip.099
Fra:1 Mem:61.39M (Peak 76.57M) | Time:00:00.03 | Mem:0.00M, Peak:0.00M | Scene, ViewLayer | Synchronizing object | R2 roof row seam.022
Fra:1 Mem:61.41M (Peak 76.57M) | Time:00:00.03 | Mem:0.00M, Peak:0.00M | Scene, ViewLayer | Synchronizing object | R2 fitted slate tile.100
Fra:1 Mem:61.41M (Peak 76.57M) | Time:00:00.03 | Mem:0.00M, Peak:0.00M | Scene, ViewLayer | Synchronizing object | R2 slate lower lip.100
Fra:1 Mem:61.41M (Peak 76.57M) | Time:00:00.03 | Mem:0.00M, Peak:0.00M | Scene, ViewLayer | Synchronizing object | R2 fitted slate tile.101
Fra:1 Mem:61.41M (Peak 76.57M) | Time:00:00.03 | Mem:0.00M, Peak:0.00M | Scene, ViewLayer | Synchronizing object | R2 slate lower lip.101
Fra:1 Mem:61.41M (Peak 76.57M) | Time:00:00.03 | Mem:0.00M, Peak:0.00M | Scene, ViewLayer | Synchronizing object | R2 fitted slate tile.102
Fra:1 Mem:61.41M (Peak 76.57M) | Time:00:00.03 | Mem:0.00M, Peak:0.00M | Scene, ViewLayer | Synchronizing object | R2 slate lower lip.102
Fra:1 Mem:61.41M (Peak 76.57M) | Time:00:00.03 | Mem:0.00M, Peak:0.00M | Scene, ViewLayer | Synchronizing object | R2 slate lower lip.103
Fra:1 Mem:61.42M (Peak 76.57M) | Time:00:00.03 | Mem:0.00M, Peak:0.00M | Scene, ViewLayer | Synchronizing object | R2 fitted slate tile.103
Fra:1 Mem:61.42M (Peak 76.57M) | Time:00:00.03 | Mem:0.00M, Peak:0.00M | Scene, ViewLayer | Synchronizing object | R2 fitted slate tile.104
Fra:1 Mem:61.42M (Peak 76.57M) | Time:00:00.03 | Mem:0.00M, Peak:0.00M | Scene, ViewLayer | Synchronizing object | R2 slate lower lip.104
Fra:1 Mem:61.42M (Peak 76.57M) | Time:00:00.03 | Mem:0.00M, Peak:0.00M | Scene, ViewLayer | Synchronizing object | R2 roof row seam.023
Fra:1 Mem:61.44M (Peak 76.57M) | Time:00:00.03 | Mem:0.00M, Peak:0.00M | Scene, ViewLayer | Synchronizing object | R2 fitted slate tile.105
Fra:1 Mem:61.44M (Peak 76.57M) | Time:00:00.03 | Mem:0.00M, Peak:0.00M | Scene, ViewLayer | Synchronizing object | R2 slate lower lip.105
Fra:1 Mem:61.44M (Peak 76.57M) | Time:00:00.03 | Mem:0.00M, Peak:0.00M | Scene, ViewLayer | Synchronizing object | R2 slate lower lip.106
Fra:1 Mem:61.44M (Peak 76.57M) | Time:00:00.03 | Mem:0.00M, Peak:0.00M | Scene, ViewLayer | Synchronizing object | R2 fitted slate tile.106
Fra:1 Mem:61.44M (Peak 76.57M) | Time:00:00.03 | Mem:0.00M, Peak:0.00M | Scene, ViewLayer | Synchronizing object | R2 fitted slate tile.107
Fra:1 Mem:61.45M (Peak 76.57M) | Time:00:00.03 | Mem:0.00M, Peak:0.00M | Scene, ViewLayer | Synchronizing object | R2 slate lower lip.107
Fra:1 Mem:61.45M (Peak 76.57M) | Time:00:00.03 | Mem:0.00M, Peak:0.00M | Scene, ViewLayer | Synchronizing object | R2 slate lower lip.108
Fra:1 Mem:61.45M (Peak 76.57M) | Time:00:00.03 | Mem:0.00M, Peak:0.00M | Scene, ViewLayer | Synchronizing object | R2 fitted slate tile.108
Fra:1 Mem:61.45M (Peak 76.57M) | Time:00:00.03 | Mem:0.00M, Peak:0.00M | Scene, ViewLayer | Synchronizing object | R2 roof row seam.024
Fra:1 Mem:61.47M (Peak 76.57M) | Time:00:00.03 | Mem:0.00M, Peak:0.00M | Scene, ViewLayer | Synchronizing object | R2 fitted slate tile.109
Fra:1 Mem:61.47M (Peak 76.57M) | Time:00:00.03 | Mem:0.00M, Peak:0.00M | Scene, ViewLayer | Synchronizing object | R2 slate lower lip.109
Fra:1 Mem:61.47M (Peak 76.57M) | Time:00:00.03 | Mem:0.00M, Peak:0.00M | Scene, ViewLayer | Synchronizing object | R2 slate lower lip.110
Fra:1 Mem:61.47M (Peak 76.57M) | Time:00:00.03 | Mem:0.00M, Peak:0.00M | Scene, ViewLayer | Synchronizing object | R2 fitted slate tile.111
Fra:1 Mem:61.47M (Peak 76.57M) | Time:00:00.03 | Mem:0.00M, Peak:0.00M | Scene, ViewLayer | Synchronizing object | R2 slate lower lip.111
Fra:1 Mem:61.48M (Peak 76.57M) | Time:00:00.03 | Mem:0.00M, Peak:0.00M | Scene, ViewLayer | Synchronizing object | R2 roof row seam.025
Fra:1 Mem:61.50M (Peak 76.57M) | Time:00:00.03 | Mem:0.00M, Peak:0.00M | Scene, ViewLayer | Synchronizing object | R2 slate lower lip.112
Fra:1 Mem:61.50M (Peak 76.57M) | Time:00:00.03 | Mem:0.00M, Peak:0.00M | Scene, ViewLayer | Synchronizing object | R2 fitted slate tile.112
Fra:1 Mem:61.50M (Peak 76.57M) | Time:00:00.03 | Mem:0.00M, Peak:0.00M | Scene, ViewLayer | Synchronizing object | R2 fitted slate tile.113
Fra:1 Mem:61.50M (Peak 76.57M) | Time:00:00.03 | Mem:0.00M, Peak:0.00M | Scene, ViewLayer | Synchronizing object | R2 slate lower lip.113
Fra:1 Mem:61.50M (Peak 76.57M) | Time:00:00.03 | Mem:0.00M, Peak:0.00M | Scene, ViewLayer | Synchronizing object | R2 roof row seam.026
Fra:1 Mem:61.52M (Peak 76.57M) | Time:00:00.03 | Mem:0.00M, Peak:0.00M | Scene, ViewLayer | Synchronizing object | R2 slate lower lip.114
Fra:1 Mem:61.52M (Peak 76.57M) | Time:00:00.03 | Mem:0.00M, Peak:0.00M | Scene, ViewLayer | Synchronizing object | R2 fitted slate tile.114
Fra:1 Mem:61.52M (Peak 76.57M) | Time:00:00.03 | Mem:0.00M, Peak:0.00M | Scene, ViewLayer | Synchronizing object | R2 fitted slate tile.115
Fra:1 Mem:61.52M (Peak 76.57M) | Time:00:00.03 | Mem:0.00M, Peak:0.00M | Scene, ViewLayer | Synchronizing object | R2 slate lower lip.115
Fra:1 Mem:61.53M (Peak 76.57M) | Time:00:00.03 | Mem:0.00M, Peak:0.00M | Scene, ViewLayer | Synchronizing object | R2 roof row seam.027
Fra:1 Mem:61.55M (Peak 76.57M) | Time:00:00.03 | Mem:0.00M, Peak:0.00M | Scene, ViewLayer | Synchronizing object | R2 roof hip seam.006
Fra:1 Mem:61.57M (Peak 76.57M) | Time:00:00.03 | Mem:0.00M, Peak:0.00M | Scene, ViewLayer | Synchronizing object | R2 roof hip seam.007
Fra:1 Mem:61.59M (Peak 76.57M) | Time:00:00.03 | Mem:0.00M, Peak:0.00M | Scene, ViewLayer | Initializing
Fra:1 Mem:41.06M (Peak 76.57M) | Time:00:00.04 | Mem:0.00M, Peak:0.00M | Scene, ViewLayer | Waiting for render to start
Fra:1 Mem:41.06M (Peak 76.57M) | Time:00:00.04 | Mem:0.00M, Peak:0.00M | Scene, ViewLayer | Updating Scene
Fra:1 Mem:41.06M (Peak 76.57M) | Time:00:00.04 | Mem:0.00M, Peak:0.00M | Scene, ViewLayer | Updating Shaders
Fra:1 Mem:41.06M (Peak 76.57M) | Time:00:00.04 | Mem:0.00M, Peak:0.00M | Scene, ViewLayer | Loading render kernels (may take a few minutes the first time)
Fra:1 Mem:41.16M (Peak 76.57M) | Time:00:00.04 | Mem:0.02M, Peak:0.02M | Scene, ViewLayer | Updating Procedurals
Fra:1 Mem:41.16M (Peak 76.57M) | Time:00:00.04 | Mem:0.02M, Peak:0.02M | Scene, ViewLayer | Updating Background
Fra:1 Mem:41.16M (Peak 76.57M) | Time:00:00.04 | Mem:0.02M, Peak:0.02M | Scene, ViewLayer | Updating Camera
Fra:1 Mem:41.16M (Peak 76.57M) | Time:00:00.04 | Mem:0.02M, Peak:0.02M | Scene, ViewLayer | Updating Meshes Flags
Fra:1 Mem:41.16M (Peak 76.57M) | Time:00:00.04 | Mem:0.02M, Peak:0.02M | Scene, ViewLayer | Updating Objects
Fra:1 Mem:41.16M (Peak 76.57M) | Time:00:00.04 | Mem:0.02M, Peak:0.02M | Scene, ViewLayer | Updating Objects | Copying Transformations to device
Fra:1 Mem:41.27M (Peak 76.57M) | Time:00:00.04 | Mem:0.12M, Peak:0.12M | Scene, ViewLayer | Updating Particle Systems
Fra:1 Mem:41.27M (Peak 76.57M) | Time:00:00.04 | Mem:0.12M, Peak:0.12M | Scene, ViewLayer | Updating Particle Systems | Copying Particles to device
Fra:1 Mem:41.27M (Peak 76.57M) | Time:00:00.04 | Mem:0.12M, Peak:0.12M | Scene, ViewLayer | Updating Meshes
Fra:1 Mem:41.27M (Peak 76.57M) | Time:00:00.04 | Mem:0.12M, Peak:0.12M | Scene, ViewLayer | Updating Objects | Applying Static Transformations
Fra:1 Mem:41.27M (Peak 76.57M) | Time:00:00.04 | Mem:0.12M, Peak:0.12M | Scene, ViewLayer | Updating Mesh | Computing attributes
Fra:1 Mem:42.01M (Peak 76.57M) | Time:00:00.04 | Mem:0.15M, Peak:0.15M | Scene, ViewLayer | Updating Mesh | Copying Attributes to device
Fra:1 Mem:41.96M (Peak 76.57M) | Time:00:00.04 | Mem:0.81M, Peak:0.81M | Scene, ViewLayer | Updating Scene BVH | Building
Fra:1 Mem:41.97M (Peak 76.57M) | Time:00:00.04 | Mem:0.81M, Peak:0.81M | Scene, ViewLayer | Updating Scene BVH | Building BVH
Fra:1 Mem:41.97M (Peak 76.57M) | Time:00:00.04 | Mem:2.53M, Peak:2.53M | Scene, ViewLayer | Updating Scene BVH | Building BVH 0%
Fra:1 Mem:41.97M (Peak 76.57M) | Time:00:00.04 | Mem:4.22M, Peak:5.94M | Scene, ViewLayer | Updating Scene BVH | Copying BVH to device
Fra:1 Mem:41.97M (Peak 76.57M) | Time:00:00.04 | Mem:4.22M, Peak:5.94M | Scene, ViewLayer | Updating Mesh | Computing normals
Fra:1 Mem:43.51M (Peak 76.57M) | Time:00:00.04 | Mem:4.22M, Peak:5.94M | Scene, ViewLayer | Updating Mesh | Copying Mesh to device
Fra:1 Mem:43.51M (Peak 76.57M) | Time:00:00.04 | Mem:5.76M, Peak:5.94M | Scene, ViewLayer | Updating Objects Flags
Fra:1 Mem:43.51M (Peak 76.57M) | Time:00:00.04 | Mem:5.77M, Peak:5.94M | Scene, ViewLayer | Updating Primitive Offsets
Fra:1 Mem:43.51M (Peak 76.57M) | Time:00:00.04 | Mem:5.77M, Peak:5.94M | Scene, ViewLayer | Updating Images
Fra:1 Mem:43.51M (Peak 76.57M) | Time:00:00.04 | Mem:5.77M, Peak:5.94M | Scene, ViewLayer | Updating Images | Loading map-paper-albedo-v01.png
Fra:1 Mem:43.51M (Peak 76.57M) | Time:00:00.04 | Mem:5.77M, Peak:5.94M | Scene, ViewLayer | Updating Images | Loading wood-ink-albedo-v01.png
Fra:1 Mem:55.52M (Peak 76.57M) | Time:00:00.08 | Mem:17.77M, Peak:17.77M | Scene, ViewLayer | Updating Camera Volume
Fra:1 Mem:55.52M (Peak 76.57M) | Time:00:00.08 | Mem:17.77M, Peak:17.77M | Scene, ViewLayer | Updating Lookup Tables
Fra:1 Mem:55.52M (Peak 76.57M) | Time:00:00.08 | Mem:17.85M, Peak:17.85M | Scene, ViewLayer | Updating Lights
Fra:1 Mem:55.52M (Peak 76.57M) | Time:00:00.08 | Mem:17.85M, Peak:17.85M | Scene, ViewLayer | Updating Lights | Computing tree
Fra:1 Mem:55.52M (Peak 76.57M) | Time:00:00.08 | Mem:17.85M, Peak:17.85M | Scene, ViewLayer | Updating Integrator
Fra:1 Mem:55.52M (Peak 76.57M) | Time:00:00.08 | Mem:17.85M, Peak:17.85M | Scene, ViewLayer | Updating Film
Fra:1 Mem:55.53M (Peak 76.57M) | Time:00:00.08 | Mem:17.77M, Peak:17.85M | Scene, ViewLayer | Updating Lookup Tables
Fra:1 Mem:55.53M (Peak 76.57M) | Time:00:00.08 | Mem:17.85M, Peak:17.85M | Scene, ViewLayer | Updating Baking
Fra:1 Mem:55.53M (Peak 76.57M) | Time:00:00.08 | Mem:17.85M, Peak:17.85M | Scene, ViewLayer | Updating Device | Writing constant memory
Fra:1 Mem:55.54M (Peak 76.57M) | Time:00:00.08 | Mem:17.85M, Peak:17.85M | Scene, ViewLayer | Loading denoising kernels (may take a few minutes the first time)
Fra:1 Mem:55.54M (Peak 76.57M) | Time:00:00.08 | Mem:17.85M, Peak:17.85M | Scene, ViewLayer | Sample 0/24
Fra:1 Mem:206.11M (Peak 206.11M) | Time:00:00.23 | Remaining:00:03.66 | Mem:168.16M, Peak:168.16M | Scene, ViewLayer | Sample 1/24
Fra:1 Mem:269.39M (Peak 364.32M) | Time:00:06.19 | Mem:168.16M, Peak:168.16M | Scene, ViewLayer | Sample 24/24
Fra:1 Mem:269.39M (Peak 364.32M) | Time:00:06.19 | Mem:168.16M, Peak:168.16M | Scene, ViewLayer | Finished
Saved: 'E:\Project\game-002-godogen-lab\artifacts\ui-experiment\E1-r2\blender-ink-1080.png'
Time: 00:06.35 (Saving: 00:00.15)


Info: Packed 2 file(s)
Info: Saved as "e1-r2-master.blend"
E1_R2_ASSETS_READY {"base": {"glb_bytes": 1953080, "sha256": "516a20f711f442abcd6402d057ad4908e4c7d8d018806738b926698655e37370"}, "ink": {"glb_bytes": 8269472, "sha256": "46f6f99b07ec2083c837f1477387ab00ff0bee5c29c9b7a887824a7c2223ef87"}, "revision": "E1-r2", "seed": 213, "mesh_objects": 446, "triangles": 56229, "camera": [0.0, -9.5, 17.5], "ortho_width": 18.6, "content": {"wands": 1, "fixed_inlays": 1, "word_tags": 2, "maps": 1, "encounter_tokens": 1}, "anchors": ["TagAcquireText", "TagArmorText", "MapTitle", "MapCaption", "EncounterCaption", "InlayCaption", "WandCaption"], "wood_uv_windows": {"Backboard": [0.02, 0.79, 0.03, 0.03752499952912331], "Backboard.001": [0.045, 0.8300000000000001, 0.20299999999999999, 0.03942499950528145], "Backboard.002": [0.07, 0.87, 0.376, 0.04132499948143959], "Backboard.003": [0.09500000000000001, 0.79, 0.5489999999999999, 0.03752499952912331], "Backboard.004": [0.02, 0.8300000000000001, 0.722, 0.03942499950528145], "Backboard.005": [0.045, 0.87, 0.046324999481439616, 0.04132499948143959], "Backboard.006": [0.07, 0.79, 0.21552499952912316, 0.03752499952912331], "Backboard.007": [0.09500000000000001, 0.8300000000000001, 0.3904249995052813, 0.03942499950528145], "Backboard.008": [0.02, 0.87, 0.5653249994814395, 0.04132499948143959], "Backboard.009": [0.045, 0.79, 0.7345249995291233, 0.03752499952912331], "Bottom frame": [0.07, 0.8300000000000001, 0.03893491491475551, 0.029467457457377815], "Left frame": [0.09500000000000001, 0.87, 0.2846756745393122, 0.06583783726965624], "Middle rail": [0.02, 0.79, 0.4026060600007091, 0.03830303000035474], "Right frame": [0.045, 0.8300000000000001, 0.6246216205375046, 0.06281081026875251], "Top frame": [0.07, 0.87, 0.7286272214404723, 0.028313610720236304], "Wand shelf": [0.09500000000000001, 0.79, 0.0750000003395199, 0.04000000011317338], "Wand support": [0.02, 0.8300000000000001, 0.2155, 0.37350000000000005], "Wand support.001": [0.045, 0.87, 0.4784999999999998, 0.3915]}, "input_blend": {"path": "art\\e1\\e1-r2-ui.blend", "sha256": "0a4aebaafb57f997009ddd36eb2c828e803942813907994feb056b3b65ec8f8d"}, "native_ui_edit": {"object": "TowerRoof", "mesh_sha256_before": "64d41065ee31801e943cd6a67851f8277eaced7f7c7db421b533ea8fc4d683c6", "mesh_sha256_after": "64d41065ee31801e943cd6a67851f8277eaced7f7c7db421b533ea8fc4d683c6", "preserved": true}, "sources": {"art\\refine_e1_r2.py": "adbdf002c42d71e530274ae0fb5cef31a6aa77df11f7536c689c945f334d0ae4", "references\\e1-r2-generated\\wood-ink-albedo-v01.png": "3d9bd1af40ef2dd16ad6c7035b2d19e0f924cb448dfe09621d1d045c1bf212e8", "references\\e1-r2-generated\\map-paper-albedo-v01.png": "1fcb2cc37c6cdbfea8260124dcf856a6958112ec1ef875f5acf187499f1d95b1", "references\\e1-r2-generated\\wand-tower-modeling-board-v01.png": "258e460e89431825231a6366d23418927d030baf268dc1cac1cfa0d8c0d22569"}, "generated_image_usage": {"wood": "Unchanged source image, per-plank narrow UV strips", "map": "Unchanged source image, full map UV and clean tag UV crop", "modeling_board": "Visual modeling reference only; never runtime art"}, "master": {"path": "art\\e1\\e1-r2-master.blend", "sha256": "4103106e6ee3ddc515159e216e7dc7b01827af835004926e8875e00082fb38c5"}, "provenance": "Original r1 assets + preserved native Blender UI roof edit + bpy refinement; AI-generated wood/paper albedo originals used with recorded source hashes."}

Blender quit
  正在确定要还原的项目…
  所有项目均是最新的，无法还原。
  GodogenLab -> E:\Project\game-002-godogen-lab\game\.godot\mono\temp\bin\Debug\GodogenLab.dll

已成功生成。
    0 个警告
    0 个错误

已用时间 00:00:00.65
Godot Engine v4.7.2.stable.mono.official.ed1daf0bf - https://godotengine.org

[   0% ] [90m[1mfirst_scan_filesystem[22m | Started 项目初始化 (5 steps)[39m[0m
[   0% ] [90m[1mfirst_scan_filesystem[22m | 正在扫描文件结构……[39m[0m
[  16% ] [90m[1mfirst_scan_filesystem[22m | 正在加载全局类名……[39m[0m
[  33% ] [90m[1mfirst_scan_filesystem[22m | 正在校验 GDExtension……[39m[0m
[  50% ] [90m[1mfirst_scan_filesystem[22m | 正在创建自动加载脚本……[39m[0m
[  66% ] [90m[1mfirst_scan_filesystem[22m | 正在初始化插件……[39m[0m
[  83% ] [90m[1mfirst_scan_filesystem[22m | 正在启动文件扫描……[39m[0m
[92m[ DONE ][39m [1mfirst_scan_filesystem[22m
[0m
[   0% ] [90m[1m_update_scan_actions[22m | Started 正在扫描动作…… (2 steps)[39m[0m
[   0% ] [90m[1m_update_scan_actions[22m | e1_base.glb[39m[0m
[  33% ] [90m[1m_update_scan_actions[22m | e1_ink.glb[39m[0m
[92m[ DONE ][39m [1m_update_scan_actions[22m
[0m
[   0% ] [90m[1mreimport[22m | Started 正在导入或重新导入资产 (4 steps)[39m[0m
[   0% ] [90m[1mreimport[22m | 正在准备重新导入文件……[39m[0m
[  20% ] [90m[1mreimport[22m | 正在准备重新导入文件……[39m[0m
[  40% ] [90m[1mreimport[22m | 正在准备重新导入文件……[39m[0m
[  60% ] [90m[1mreimport[22m | 正在准备重新导入文件……[39m[0m
[   0% ] [90m[1mreimport[22m | 正在执行重新导入的前置操作……[39m[0m
[   0% ] [90m[1mpreload_reimporting_scene[22m | Started 正在准备重新加载场景 (1 steps)[39m[0m
[   0% ] [90m[1mpreload_reimporting_scene[22m | 正在分析场景 [空][39m[0m
[  50% ] [90m[1mpreload_reimporting_scene[22m | 准备完成。[39m[0m
[92m[ DONE ][39m [1mpreload_reimporting_scene[22m
[0m
[   0% ] [90m[1mreimport[22m | e1_ink_wood-ink-albedo-v01.png[39m[0m
[  20% ] [90m[1mreimport[22m | e1_ink_map-paper-albedo-v01.png[39m[0m
[  40% ] [90m[1mreimport[22m | e1_base.glb[39m[0m
[   0% ] [90m[1mimport[22m | Started 导入场景 (104 steps)[39m[0m
[   0% ] [90m[1mimport[22m | 导入场景中...[39m[0m
[   1% ] [90m[1mimport[22m | 执行自定义脚本...[39m[0m
[  99% ] [90m[1mimport[22m | 保存中...[39m[0m
[92m[ DONE ][39m [1mimport[22m
[0m
[  60% ] [90m[1mreimport[22m | e1_ink.glb[39m[0m
[   0% ] [90m[1mimport[22m | Started 导入场景 (104 steps)[39m[0m
[   0% ] [90m[1mimport[22m | 导入场景中...[39m[0m
[   1% ] [90m[1mimport[22m | 执行自定义脚本...[39m[0m
[  99% ] [90m[1mimport[22m | 保存中...[39m[0m
[92m[ DONE ][39m [1mimport[22m
[0m
[  80% ] [90m[1mreimport[22m | 正在结束资产导入……[39m[0m
[92m[ DONE ][39m [1mreimport[22m
[0m
[   0% ] [90m[1mreimport[22m | Started 正在导入或重新导入资产 (4 steps)[39m[0m
[   0% ] [90m[1mreimport[22m | 正在执行重新导入的后置操作……[39m[0m
[92m[ DONE ][39m [1mreimport[22m
[0m
[   0% ] [90m[1mloading_editor_layout[22m | Started 正在加载编辑器 (5 steps)[39m[0m
[   0% ] [90m[1mloading_editor_layout[22m | 正在加载编辑器布局……[39m[0m
[  16% ] [90m[1mloading_editor_layout[22m | 正在加载停靠面板……[39m[0m
[92m[ DONE ][39m [1mloading_editor_layout[22m
[0m
Godot Engine v4.7.2.stable.mono.official.ed1daf0bf - https://godotengine.org

E1_PACK_base=PASS nodes_before=459 nodes_after=459
E1_PACK_ink=PASS nodes_before=459 nodes_after=459
Godot Engine v4.7.2.stable.mono.official.ed1daf0bf - https://godotengine.org

E1_HEADLESS_ASSET=PASS UI checks require native viewport
